C,gamma,scaler,transformer,maes,times,seeds
0.032091948356306,9243.59442461228,SinMedian,Standard,13.58821974468708,9.852617979049684,90125
0.0002766854409437,4.381330700270585e-07,BCM,Standard,13.576521433882938,9.432276964187622,90126
2.2525985737375074e-06,0.0016599426617855,Median,Standard,13.575381173677457,9.663058042526243,90127
4.996906372013895,0.0351156942712527,Median,BCM,12.483911052255095,10.39541506767273,90128
4.7878495519992846e-06,6399025.709357928,Standard,Median,13.57699443307424,9.80643391609192,90129
1170.6179607960169,0.032470310573713,Standard,Standard,11.974041330393868,10.37366795539856,90130
3.364843692661936e-07,3.6798219321950415e-06,Standard,Standard,13.57677554881223,10.008195877075195,90131
268354179.0830124,0.000438162501017,Median,Standard,4.200228266619937,18.0816969871521,90132
5956686.465944305,12674182.111172527,BCM,BCM,12.566780852964207,10.31315302848816,90133
5.0464514356542465e-09,1.140112092915279e-06,Standard,BCM,13.576906324377134,9.874577283859251,90134
5.8917323436799854e-08,0.0380134467861601,Standard,Standard,13.576779542567849,9.89949893951416,90135
3.953439794895942,2843.0732627580537,Standard,SinMedian,12.852335923634604,10.290154933929443,90136
2275.184908093828,1055023.404695928,Standard,SinMedian,12.852335923634604,8.721658945083618,90137
31812.49042819081,630230765.9864786,BCM,Standard,12.329588521485473,9.40738821029663,90138
0.0001116842307256,161074.91547756264,Median,Standard,13.576941270404186,8.723809957504272,90139
0.1153674972224083,22631797.86986243,SinMedian,Median,13.5679257910026,8.596267938613892,90140
0.0001513408241145,2.190353939156549e-07,Standard,Standard,13.576674002607945,8.767111778259277,90141
1655.9209203790674,6.44623431962903e-06,Median,Median,3.57045024144292,20.74845290184021,90142
0.7052074100408436,9.131157043231713e-09,Standard,SinMedian,13.560607790627111,8.838061094284058,90143
4.376373184523662e-07,40.50416320100461,Median,BCM,13.576906980997553,8.854197978973389,90144
6.950558755001458e-08,0.0283796987261188,Standard,Standard,13.576779533145237,8.961715936660767,90145
0.0285250787121119,7.927974800113683e-09,Standard,Median,13.576409375706634,8.963994026184082,90146
887.7764369608337,1.8535487679172769,BCM,SinMedian,12.852335923634598,9.473205089569092,90147
36.14021476391959,18248806.87764607,BCM,SinMedian,12.852335923634604,8.48767876625061,90148
3.213470005123283e-07,341226.8498040343,BCM,SinMedian,13.576987288031315,8.222977876663208,90149
9.470557562966076e-07,49562641.79285678,BCM,BCM,13.576907723894749,8.316017150878906,90150
32705.27885818111,11694.01741621268,SinMedian,BCM,12.566780852964207,8.408762216567993,90151
168.3060497723576,32882.42305158262,Median,BCM,12.566780852964207,8.72131896018982,90152
7.222741165986837e-05,13364475.757007532,Median,BCM,13.57701167434855,8.319525718688965,90153
232873917.2603046,874.8769222346713,Standard,Median,12.331729295623251,8.94423794746399,90154
1.162592489849743e-07,123255599.02836008,Median,Median,13.576986559510804,8.18448805809021,90155
25.763986265623775,0.0222055967944503,Median,Median,11.838406390899657,8.975344181060791,90156
18231876.490933992,21.194870144449933,SinMedian,Standard,12.329588521485473,8.588324785232544,90157
128.4128382742053,0.0007578935863837,BCM,Median,4.26033998078715,20.815701961517338,90158
8850295.828483274,0.002696843098352,Standard,Standard,4.382561504462676,10.544450998306274,90159
166.1430138150947,1.926559255574228e-09,Standard,BCM,12.678653036039035,9.944310903549194,90160
2729.8860252469344,894975832.7744862,Standard,SinMedian,12.852335923634604,9.615799188613892,90161
2.940651056513127e-07,61195337.5497089,BCM,BCM,13.57690677162274,8.530630826950073,90162
1.5417114896070184e-08,39658.37790441814,SinMedian,SinMedian,13.576986772407324,8.903450012207031,90163
41156803.73856836,6418.678974553259,SinMedian,Standard,12.329588521485473,9.665549993515016,90164
2.279514762547887e-09,2.9634510895716187e-09,Standard,BCM,13.576906342758887,9.131891250610352,90165
2.702708558256504e-05,3023451.986828053,SinMedian,Standard,13.576818620837566,8.506438970565796,90166
8.92885183467308,1434022.820126979,BCM,BCM,12.566780852964207,9.449626207351685,90167
0.0001060000871187,34.96768540358178,Median,Median,13.57716501759059,9.184707641601562,90168
12.547116967052371,2.165963873693688e-09,SinMedian,SinMedian,13.521351664447185,8.574259996414185,90169
1.561481809000809e-05,337204.623826324,BCM,SinMedian,13.577013064135704,7.232330083847046,90170
3497465.0400787103,28066.584752783645,BCM,SinMedian,12.852335923634604,8.305691957473755,90171
2.858867725951447e-07,1.1981699166102518e-08,Median,BCM,13.576906327421666,7.813894987106323,90172
6.337731172891551e-09,8.607842736200961e-08,BCM,Standard,13.576779463378822,8.049721956253052,90173
6820.27124213539,11.882441284794638,BCM,SinMedian,12.852335923634604,8.680192708969116,90174
1.974863278462452e-08,257616656.85718444,BCM,SinMedian,13.576986779707802,7.878129243850708,90175
4.563291623974991e-06,3.482277704578894e-05,SinMedian,SinMedian,13.576663329465672,8.085263013839722,90176
3.294053587465824e-06,29.13806386920278,SinMedian,Standard,13.576784236898874,8.04598879814148,90177
1749518.0472093048,2.076154479127756e-05,Median,BCM,6.589657890539015,129.97620582580566,90178
144.27893598553783,834941.7770451475,BCM,SinMedian,12.852335923634604,8.548773288726807,90179
2.1595916479027598e-09,1.8213717109397623e-08,SinMedian,Standard,13.576779464436903,8.278395891189575,90180
82.02199149592609,17.35105424587561,BCM,Median,12.331729295623251,8.392416000366211,90181
623865226.7485257,27.252976794618004,Median,Standard,12.329588521485473,7.442292928695679,90182
8.261671909471714,26062.721081870757,Median,Standard,12.371437219858237,7.288441896438599,90183
5.868836868440715e-05,1.5632448971875288e-08,Median,Median,13.576983085642745,6.986818075180054,90184
216.22959077254592,6.069210192097312e-06,Standard,Median,3.3808531842127567,7.681104898452759,90185
1.5763645669932533e-08,4.8492187352188914e-05,BCM,Standard,13.576777906078467,6.847618103027344,90186
3.032613662493169e-06,323.81417478991847,BCM,SinMedian,13.57699185768665,6.7368199825286865,90187
44314256.50353301,5.4870872855567e-05,SinMedian,Median,5.332196949405309,122.49929618835448,90188
17028.92917434572,79287.46483281105,SinMedian,Standard,12.329588521485473,7.346463203430176,90189
59634453.75835559,1.7829054542116707e-09,BCM,BCM,7.851529569397672e+19,7.603885173797607,90190
126.47667101345624,120863112.01301144,BCM,Median,12.331729295623251,7.238795042037964,90191
10.46543747816261,30263161.5221908,BCM,Standard,12.354803045436803,7.3334269523620605,90192
0.010474633941235,0.5595411199112809,Standard,BCM,13.585393953352153,6.544149875640869,90193
7.795834075871652,46910026.7625952,BCM,BCM,12.566780852964207,7.382781982421875,90194
0.0128162518367933,218135079.22737205,SinMedian,SinMedian,13.583037884848858,6.866024017333984,90195
1.879019771661994e-07,2.7003797640693153e-07,Median,Median,13.576986182447325,6.8442299365997314,90196
2.440318402382601e-09,115734756.4120783,Median,Standard,13.576779468075877,6.923599004745483,90197
1.8635525907633975e-09,1.4843372977840404e-06,Standard,BCM,13.576906333937933,6.806973934173584,90198
2.280043887415632e-07,372248.07303541864,Median,SinMedian,13.5769871307087,6.640301942825317,90199
83547735.27772784,29.940237362072786,Median,SinMedian,12.852335923634604,7.509714365005493,90200
1604057.813407555,19818087.280842215,SinMedian,Median,12.331729295623251,7.377945899963379,90201
6.827200988038505,237063.4720032587,SinMedian,BCM,12.566780852964207,7.329025030136108,90202
0.6676723742678609,60.81147502051435,SinMedian,Median,13.317200493662623,6.5511250495910645,90203
48.15765681975324,0.0639991611757904,Median,SinMedian,12.845781759362794,7.515449047088623,90204
0.0004725050513385,11803118.122552032,BCM,Standard,13.577407061306772,6.7225611209869385,90205
2.052029638853638e-06,152309.22519778743,Median,Median,13.57698982208521,6.957955837249756,90206
9.34043058654539e-09,0.0366004344066939,BCM,Median,13.576986370167065,7.013564825057983,90207
34263522.06905214,1.0168021317236726e-09,SinMedian,Standard,67.16276139856274,7.494410991668701,90208
0.0060040688731182,337367847.67007554,BCM,Standard,13.584835346013016,6.8256378173828125,90209
830279.9369135113,22.12111862859742,BCM,Median,12.331729295623251,7.0083677768707275,90210
0.0001381570560894,36.55949025721013,BCM,BCM,13.577110593293172,6.414916038513184,90211
2816106.3749737544,39037.2658608145,SinMedian,SinMedian,12.852335923634604,7.177218198776245,90212
3636049.1152774487,0.0006430695459711,BCM,SinMedian,4.673921203799886,17.203410148620605,90213
0.1305361667905969,0.0075483066760755,Median,SinMedian,10.863845318562255,6.18457293510437,90214
0.0168512647735681,0.0005163105832656,Standard,Median,7.714162888168399,5.933182001113892,90215
0.0555201811918506,337627181.02775824,Standard,Standard,13.580348263188364,5.654972314834595,90216
3.751958203138532e-06,0.0479311852319822,Median,BCM,13.576911760781227,6.021491765975952,90217
227771.0224149939,6917818.98937056,SinMedian,SinMedian,12.852335923634604,6.406268835067749,90218
849.0956632972596,7.307161676314425e-05,Standard,Median,4.240377397995582,41.20932602882385,90219
2444347.619524356,3.1540141221465925,Median,BCM,12.566780852964207,6.153483867645264,90220
20.174060060968092,15724.08761937924,BCM,Median,12.337794388347296,6.1664018630981445,90221
75146.7822498473,17.355767861711517,Median,SinMedian,12.852335923634604,6.2883100509643555,90222
0.0014736703414612,1.6895391959123665e-08,SinMedian,Standard,13.5767139610911,6.148120880126953,90223
2.7118733208724506e-08,490577976.05613655,Median,BCM,13.57690638232844,5.920149803161621,90224
410635.56331300735,5614480.90604355,Median,BCM,12.566780852964207,6.705375909805298,90225
17.819660656385356,7.897431409625617e-07,Median,Standard,4.726959407751063,5.9846179485321045,90226
0.0016334164341134,1.1238781829690837e-05,Standard,Standard,13.52322170020264,5.955024242401123,90227
0.0004176928860567,31153006.264771823,BCM,Standard,13.577340879578976,5.952590703964233,90228
4.247459906511629e-05,9.909309964073229e-08,Standard,Standard,13.5767660712021,6.135277032852173,90229
0.9829129844710291,13017.932746253002,SinMedian,BCM,12.846751844909695,6.285068988800049,90230
2.9147683882328735e-05,2138423.6498950827,BCM,Median,13.577035489478655,5.56480073928833,90231
125.98858803763778,1.606906125601369e-05,Median,BCM,4.127418030761494,8.247223138809204,90232
1.9294179093244008,0.3877374652727883,Standard,SinMedian,12.859072931727336,6.777759075164795,90233
155.7801692417983,6.19700916793349,Median,Median,12.331729295623251,6.57087516784668,90234
3.997787651990861e-07,33689.976530220294,BCM,BCM,13.576906925787512,5.862580060958862,90235
2.230143652445802,136561.57217719295,SinMedian,BCM,12.575901610919956,6.7696521282196045,90236
0.0006894841310971,5159442.481351331,SinMedian,Standard,13.577682244371696,5.832485914230347,90237
4.919609898967576,3971448.498312099,SinMedian,Median,12.415441397687216,6.497222900390625,90238
750457.2495623467,2366344.599076316,Median,Median,12.331729295623251,6.636259078979492,90239
529.027175909299,4605.807543524908,Median,Standard,12.329588521485473,5.974584102630615,90240
247214.9389842762,4.190655474029451e-09,BCM,BCM,3.8229177913226793,6.405508041381836,90241
14829.100664377502,4.726841930401516e-05,Standard,Standard,5.21537814443476,107.36848378181458,90242
240.69092376884083,0.0016419287547634,Standard,Median,4.072782651155529,8.162352085113525,90243
0.1073080186481599,122882.338090151,SinMedian,SinMedian,13.570101264203478,5.395941972732544,90244
0.0002537874322019,3.7506359207139443e-07,BCM,BCM,13.576702299379818,5.4794697761535645,90245
5.5984630986429895,351015808.02378243,Median,Median,12.410510176786076,5.978151082992554,90246
777024017.7010983,6.749544648669372,Median,BCM,12.566780852964207,5.862061023712158,90247
2.7396952407807625e-07,0.0025275111358713,Median,BCM,13.576799755056804,5.704859972000122,90248
7.711044889423734e-07,26391.827790886226,Median,Standard,13.576780581701035,5.405007839202881,90249
0.003960734673996,3328377.297593443,BCM,Median,13.580622651548884,5.647153854370117,90250
2735.0077241167173,2.485778441606933e-06,SinMedian,BCM,3.8471725924416944,9.8699049949646,90251
29.40311430185807,653929211.343265,BCM,Median,12.331729295623251,6.278504848480225,90252
2.878672319216859e-05,5.2373971543786185e-05,Median,Standard,13.570949865909483,5.815423011779785,90253
0.1680954251152114,1.0585951292302006e-08,BCM,BCM,13.573094145382449,5.81171727180481,90254
6.535562370417427e-06,237069.894090333,Standard,Standard,13.5767889331315,5.743705749511719,90255
3.1398450415017082e-09,48.060035842992285,Standard,Median,13.576986368857789,5.784434080123901,90256
0.0072158954660565,31437.615144907355,SinMedian,SinMedian,13.580833742813994,5.6247718334198,90257
5.459243797116831,186130600.7699509,BCM,SinMedian,12.852335923634604,5.946358919143677,90258
3.817817806744219e-09,5874.494779096837,SinMedian,Median,13.576986370000457,5.235610246658325,90259
113731546.62348746,9.67808022535756e-06,Standard,Standard,5.744271509742961,122.92499303817748,90260
2.9277323250770465e-08,0.051896601185711,Median,Standard,13.57677950667708,5.43079400062561,90261
255.95386445077528,284013.0349597684,Standard,SinMedian,12.852335923634604,5.824950933456421,90262
61916.2805428925,0.0014593993792237,Standard,SinMedian,4.2987396766096575,8.169662952423096,90263
0.0522201301614033,679481.5478333085,Standard,Median,13.579688899631089,5.292201042175293,90264
3.816057201900281e-07,2.5761087775550976e-08,BCM,Median,13.57698634682904,5.335955858230591,90265
1.58872949188714e-08,0.1796836854626631,Standard,Median,13.576986390342602,5.393221139907837,90266
3.163007919338589e-09,38681.79910039369,SinMedian,BCM,13.576906347393228,5.216850757598877,90267
27854.343110127917,0.139087109404002,SinMedian,Standard,12.328194643666247,5.897366046905518,90268
0.4030000693913524,0.340463593049558,BCM,Standard,13.433969754900636,5.16414213180542,90269
0.0175011004473284,19246461.09675629,Standard,Median,13.58524514286381,5.013462066650391,90270
85062.5051747424,1.826185375280534e-07,Standard,Median,3.605155385979765,21.586315155029297,90271
1.5365854058355623e-09,4.957823781750654,Median,BCM,13.57690634502138,4.67844820022583,90272
132278158.05423564,19826068.69617359,SinMedian,BCM,12.566780852964207,5.212918043136597,90273
29849547.95202761,4.16915614537975e-07,Standard,Standard,222.89176811177165,95.06195497512816,90274
2.3843505829409592e-06,160.2973125898621,SinMedian,Median,13.576990382183563,4.822379112243652,90275
659467216.0974473,6312.5416672071715,SinMedian,Standard,12.329588521485473,5.2874438762664795,90276
23295802.825214032,0.0164333907779003,SinMedian,Median,8.029304869664948,5.416689872741699,90277
1.3235582949339015e-06,1.4132757464914077e-07,SinMedian,BCM,13.57690584721927,4.800023078918457,90278
4.387960621925045e-07,5.7194555494247214e-05,BCM,Standard,13.576728693220517,4.899843215942383,90279
0.0003895565691293,482518631.3325542,BCM,BCM,13.577448103905482,4.561848163604736,90280
4.03422586493932,0.0004575159102101,BCM,Standard,3.5581679036011344,5.297640800476074,90281
0.0039629590920781,0.0637766775527731,Median,BCM,13.584643707403748,4.712716817855835,90282
79424884.62949033,3.606468247544227e-09,Standard,BCM,6.866966724066589e+48,8.956891775131226,90283
10922980.975910168,3.098632155049578e-09,Standard,BCM,2750.2855383032634,7.422034978866577,90284
0.0007375927034521,2956703.5012388756,Standard,SinMedian,13.578228930386956,4.59250807762146,90285
2655.2268247148027,0.1416977646595643,SinMedian,SinMedian,12.85122033619342,5.346451997756958,90286
0.0001666262154469,1.473243058149521e-09,SinMedian,Standard,13.576778818634176,4.79738712310791,90287
0.0004036415399352,2.0455814326114403,BCM,Median,13.577641988058488,4.597023963928223,90288
0.0474838793710535,2.838759880634321e-05,Standard,BCM,10.642978560712828,4.734925985336304,90289
59360848.413356595,73051790.26476297,BCM,BCM,12.566780852964207,5.204063892364502,90290
36619908.72604597,1.2653341202454685e-05,BCM,Median,5.938394734834368,111.34791302680968,90291
1.2347392482053428e-05,0.000455805005399,Median,Standard,13.566560933387564,4.765130996704102,90292
84.66324602718808,0.0278327084286987,Standard,SinMedian,12.351915415556556,5.447702169418335,90293
2.149548105749522e-06,4303.061326456883,Standard,SinMedian,13.576990369339782,4.550495862960815,90294
21.67422608157539,0.0019132721504644,SinMedian,Median,4.095305813104395,7.847616910934448,90295
1.3141534432146832e-05,899.1786704554614,Median,BCM,13.576925507415078,5.006889343261719,90296
2.19931640311016,1.3962484434241642e-06,Median,BCM,7.591471189708517,5.069531202316284,90297
874101073.7941405,504698.4352330102,BCM,Median,12.331729295623251,5.640154123306274,90298
369660656.0675227,16909334.835785046,BCM,SinMedian,12.852335923634604,5.711009979248047,90299
3.8341919907855155e-09,4.834902546000848e-08,SinMedian,Median,13.576986363174314,5.176600933074951,90300
0.1352685007193467,0.0057256790079149,SinMedian,BCM,5.824894404307187,5.465188026428223,90301
1.0560859809255316e-06,323725309.526935,Median,Median,13.576988143507885,5.002549886703491,90302
685932.0778128046,243.82863196875016,BCM,BCM,12.566780852964207,5.614606142044067,90303
0.3836030074482573,1.723671197409227e-09,Median,Standard,13.573835653746356,5.3637778759002686,90304
0.7199335733141144,13856.125224555932,Standard,SinMedian,13.285072650304942,5.229552984237671,90305
0.1711151607531593,3.005587231189758e-07,Standard,SinMedian,13.450920168087274,5.021767854690552,90306
44566.5164378491,0.0005743162245981,BCM,BCM,4.5707267671633955,16.221325874328613,90307
9.209076291902337e-06,0.0012495235871228,BCM,Median,13.569642400278775,5.206417083740234,90308
38729.88675191293,0.2235836852545457,BCM,Standard,12.3287768099848,5.61226224899292,90309
0.0004217205972044,1.2059937431036862,BCM,SinMedian,13.577673723757377,5.13495397567749,90310
72895.24729313276,2.218421457042421e-07,Standard,Standard,3.6315720171835353,24.08972692489624,90311
2.2053717129010626,380011.545835656,Median,Standard,12.443206149670653,5.163918972015381,90312
1271.9124071587355,2304.3480714485154,SinMedian,SinMedian,12.852335923634604,5.281152963638306,90313
29254747.993176665,396.7340955840048,Median,BCM,12.566780852964207,5.548027753829956,90314
0.5244595756918419,2935759.735522496,Median,Standard,13.349538758411152,4.851218938827515,90315
483.9222023818944,1338.3559381176278,BCM,Median,12.331729295623251,5.173870086669922,90316
8.593220444092493e-05,12.28965891293086,Standard,Standard,13.576903961387236,4.515678882598877,90317
0.0022066494378256,2540449.759171344,Median,Median,13.579710178333816,4.632987976074219,90318
28299.227856454778,0.0001632485871658,SinMedian,Standard,5.003659513671679,32.29264426231384,90319
0.0500347723376311,345598.11419160024,SinMedian,Standard,13.583356368875815,4.683960676193237,90320
7.02228218602317e-06,64732.31690319791,SinMedian,SinMedian,13.576998582001304,4.727334260940552,90321
15791.057650456656,25148.770369218877,BCM,Median,12.331729295623251,5.186724901199341,90322
7.145267014624532e-06,3.811207739084477e-06,Standard,BCM,13.576819637756188,4.72429084777832,90323
0.0061303713899943,3.015101414549819e-09,Median,BCM,13.57682345575742,4.542339086532593,90324
1387.2426348684212,248872.93191730135,BCM,Median,12.331729295623251,6.823339939117432,90325
1.4812951085799086e-05,5.460870936866037e-06,Median,SinMedian,13.576703306365893,6.440253973007202,90326
6362.991256381841,9.330888480528978,Standard,SinMedian,12.852335923634604,6.739556789398193,90327
1065057.015424513,0.0684710893409562,Standard,Standard,12.309510463385603,6.7701520919799805,90328
5116.022879689694,0.4023125156573683,Standard,SinMedian,12.852335668435176,6.71508002281189,90329
370496328.3311369,7.533654621348654e-07,Median,Standard,2190.015795530699,167.84011006355286,90330
0.0577127266179043,0.0188640224217296,BCM,Standard,12.544257154610309,6.163126230239868,90331
13419.63020623218,2.4969578068908055e-06,BCM,SinMedian,4.370968545719648,24.13255500793457,90332
37801.33261759494,6.211307890859073e-06,Median,BCM,5.904662456523305,120.35313320159912,90333
30248.98136952297,307.56491407494167,Standard,SinMedian,12.852335923634604,6.568660020828247,90334
0.0002082961015448,14754.227725992449,Standard,Standard,13.577079191934098,6.3296051025390625,90335
0.0457198739853466,120025.273141242,SinMedian,Standard,13.585265211080406,6.173040866851807,90336
1083649.524646877,2.8873557923094582e-06,SinMedian,Median,7.312358365426848,154.7222878932953,90337
0.0002520338227326,2.76608542636644e-08,BCM,Standard,13.57676462028994,5.466992139816284,90338
0.0046001839243058,3.5690603580131626,BCM,Standard,13.584971912634778,5.2186150550842285,90339
2.392767796177474e-07,5.202032486362676e-06,SinMedian,Median,13.576983749065036,5.393893718719482,90340
1.3886429672208436,5.103779850443726e-05,Median,SinMedian,4.049966839097194,5.375027894973755,90341
8.814058254437763e-08,149945.3884886135,SinMedian,Standard,13.576779592236688,5.254429817199707,90342
553042907.1821768,1.5449020871035232e-06,BCM,Standard,3009.136471573758,168.0032298564911,90343
6.415286002505703e-09,147262.85427817766,SinMedian,Standard,13.576779473834724,5.262545108795166,90344
3.1788615352851624,20960.217111047437,Median,Standard,12.403705244416258,5.7240002155303955,90345
8.309389854024495,7.927016276302584e-06,Standard,Median,3.7970001834373392,4.70996880531311,90346
10291.376909461402,1.5061999088644483e-06,Standard,SinMedian,5.100226231595874,18.640623807907104,90347
2.269612900320595e-09,3049762.033709632,Median,SinMedian,13.576986750248103,4.58452582359314,90348
0.018112087095602,45440.673368753065,SinMedian,BCM,13.586490564005118,4.419939041137695,90349
591386146.2221135,0.000101281674982,Standard,Standard,4.946733266730878,55.38578987121582,90350
64602146.70367255,2767883.9775725035,SinMedian,Standard,12.329588521485473,5.1387012004852295,90351
1.9970920948220845,5311.441646017833,BCM,SinMedian,12.859625017889458,5.108191013336182,90352
0.0055945734973928,73418.4913228953,Standard,SinMedian,13.580675909039622,4.773334980010986,90353
109.09423664688148,0.0171232671109532,BCM,SinMedian,8.213259437538659,5.2538697719573975,90354
1.137709647605634e-09,88744.13099506818,Median,Median,13.57698636548336,4.820554971694946,90355
2.0308728507761734e-05,1.492139123355526e-07,Median,SinMedian,13.57697592461576,4.784329175949097,90356
0.0002739940697792,7843558.755223247,Median,Median,13.57744843164386,4.882227897644043,90357
0.000144813714332,3.093032022130699e-07,Median,SinMedian,13.576826887025414,4.86492395401001,90358
112.11910320110732,0.0006831145538762,Median,Standard,4.062896081184891,9.405344009399414,90359
0.0986524615897913,806188.303910717,BCM,Standard,13.570581382919158,4.645427942276001,90360
0.0016694706222539,1410.876132194695,SinMedian,Standard,13.579505078157666,4.7281060218811035,90361
0.2572911396704643,0.000463214741245,Standard,Standard,3.9625014584499847,5.011383771896362,90362
6201382.858965173,0.1143936724455011,BCM,Median,12.319110449200428,5.419082880020142,90363
0.1680283683278727,648.8255908661503,BCM,Median,13.555629035523774,4.654093980789185,90364
0.0621823492140781,23313946.513758168,Median,BCM,13.575916772889832,4.696030139923096,90365
63378.5895867925,1.2150969919029078,Standard,Median,12.331729295623251,5.294673919677734,90366
1486610.252004187,1.6615936282715412e-08,BCM,SinMedian,9.763728288037049,14.479858875274658,90367
93266645.69738849,2.096432419662684,BCM,SinMedian,12.852335923634604,5.1647138595581055,90368
1831930.798033464,3.3845782745763366e-05,Standard,Median,5.367784900624957,120.0855929851532,90369
5.305140952087896,119964621.75838377,BCM,BCM,12.566780852964207,4.835059881210327,90370
1212281.0511162877,1.3892863589313482e-09,Standard,BCM,6.246958402150977,5.364675998687744,90371
2.5053145808008114e-08,0.0006285375741841,Standard,SinMedian,13.57697007281774,4.537232160568237,90372
1.448451115889013e-09,644377.0994303257,SinMedian,SinMedian,13.576986748864094,4.595942974090576,90373
0.082595170829622,4.012485615578696e-05,Median,SinMedian,7.634329749579634,4.760183095932007,90374
0.3994993525226303,2.6187555203271545e-07,BCM,BCM,13.373801552371352,4.441482067108154,90375
13410945.762783917,0.7043892190566425,BCM,SinMedian,12.852335595047595,5.200209856033325,90376
0.0342298080496815,2006.172176888849,BCM,Standard,13.58785668013453,4.728945970535278,90377
1.268692329440967,2.5818478832144448e-06,Median,SinMedian,7.625129559216821,4.798583984375,90378
0.0001976434328018,7.282357750130777e-08,BCM,Median,13.576961860522925,4.824321031570435,90379
1.793334466898469e-09,7709.435695310692,BCM,Median,13.576986366588358,4.6701109409332275,90380
200636.67469950148,1.3410303878671457,SinMedian,BCM,12.566780852964207,5.442775011062622,90381
3340.072216463081,100293.45290417742,Median,Median,12.331729295623251,5.276599168777466,90382
456.9528573894485,1.7230479303729248e-06,Median,BCM,4.289042653331015,5.645808935165405,90383
1.2790371596802877e-06,0.0226709672851558,Standard,Standard,13.576779669167284,4.699345111846924,90384
0.0211152337894434,358098221.32205254,SinMedian,BCM,13.587284503898866,4.70102596282959,90385
483990692.08588606,284.12553428703376,SinMedian,SinMedian,12.852335923634604,5.358775854110718,90386
2720952.64529433,142.08927837889445,Median,BCM,12.566780852964207,5.281747817993164,90387
186810.89605757684,0.0620716310167302,BCM,BCM,12.448060928640436,5.273742198944092,90388
0.0008810181540067,3569.76610043053,Median,BCM,13.57819786112997,4.6310951709747314,90389
354000.8026211771,0.0002066323425323,SinMedian,Median,4.938060091438992,36.035037994384766,90390
0.6061594113522283,2491239.1871160036,Standard,Median,13.357073751892058,4.612173080444336,90391
2.084106761668688e-06,34.37733932293827,BCM,SinMedian,13.576990259042857,4.661374092102051,90392
0.1071790597084643,39231010.862661354,Standard,Standard,13.56866754705751,4.53433895111084,90393
90.98318491875187,1923.830367713264,Median,BCM,12.566780852964207,5.262740850448608,90394
1.7693560118950063e-09,0.0316979607037813,Median,Standard,13.576779466947675,4.894617080688477,90395
0.0014945346106525,108491.90092352808,SinMedian,BCM,13.5793852564968,4.770287036895752,90396
0.0014293910334291,4.00644306188885e-07,SinMedian,Median,13.57577749873784,4.670729875564575,90397
3868.452125321734,2471.449399191837,Standard,Standard,12.329588521485473,5.000078916549683,90398
2900.562241779064,1.2341152998713965e-05,SinMedian,Standard,3.855746793485141,24.972009897232056,90399
0.0049499201144575,0.0024862363351048,SinMedian,Standard,10.576593310754587,4.606325149536133,90400
234.22825535734216,5391.366407017959,SinMedian,Standard,12.329588521485473,4.701954126358032,90401
467.336402335832,1.1453358531307211e-06,BCM,Median,3.6184032531508934,4.637533187866211,90402
1.799495576721725,5701499.287440279,Standard,SinMedian,12.859101111520896,4.88746976852417,90403
0.2143404493019954,0.0525753306333384,Standard,Median,13.536092217521484,4.664242267608643,90404
8.075954598346818e-07,0.0014585843196818,SinMedian,Standard,13.575955566576392,4.3353259563446045,90405
1590321.6750239776,254671.5455619984,Median,SinMedian,12.852335923634604,5.117794036865234,90406
84.3875336555262,4.153182207421069e-07,SinMedian,Standard,4.649689828996667,4.35811185836792,90407
0.0002213337000268,2976577.2920054314,Median,Median,13.577359586718648,4.512320041656494,90408
252.6575189907439,1.7600434983010908e-07,SinMedian,SinMedian,4.1542232393044225,4.535901308059692,90409
573205082.5201348,117323533.2047384,Median,Median,12.331729295623251,4.99287223815918,90410
5.383288791577248e-07,319.3620276343628,Median,BCM,13.57690712783848,4.249335050582886,90411
0.2728884018381918,0.050661080761156,Median,Median,13.52397460908834,4.471709251403809,90412
1992773.7477343504,33126.74210505778,Standard,SinMedian,12.852335923634604,4.579396963119507,90413
44124039.79970299,1.4632539392121593e-08,BCM,SinMedian,2.3410306003958017e+23,15.391100883483888,90414
8.992941494429444e-09,3.898700111564932e-06,Standard,BCM,13.576906231166296,4.376236200332642,90415
8.613105589413251e-08,168.29352147389346,SinMedian,SinMedian,13.576986891590858,4.576812028884888,90416
0.0001328097190946,1.2550477809155745e-08,Median,BCM,13.576898869038146,4.903052091598511,90417
1076.9883776211686,0.0065230495652298,Standard,SinMedian,6.46068357041117,5.241871118545532,90418
27931.02815168637,0.0013391438580703,SinMedian,BCM,4.118926428425372,8.473671913146973,90419
0.6056432833806225,2.8976771646865265,BCM,SinMedian,13.355471757206494,4.8433837890625,90420
394.61751538737417,0.0020502982630689,Standard,Standard,4.1676364175145855,6.4504780769348145,90421
0.0645506725936465,0.0076632718272153,Standard,Median,10.574078999313306,4.597537040710449,90422
427268007.3253611,0.003620806086307,Standard,Median,4.740020748693443,5.982235908508301,90423
8.9087493044616,10100889.123733277,SinMedian,Median,12.388033935956352,5.297291040420532,90424
2.626251076051502e-05,25023399.74887163,Standard,SinMedian,13.577031010097244,4.715383768081665,90425
129885809.40868863,10.359158596526571,Median,SinMedian,12.852335923634604,5.405586242675781,90426
814595116.3928053,1.1233824391706694e-08,SinMedian,Standard,2988.6264122532048,18.72291922569275,90427
3.628669030707128e-09,19.10571545162985,SinMedian,BCM,13.57690634807232,5.076472043991089,90428
227.64892619552012,453551036.22515017,SinMedian,Standard,12.329588521485473,5.722677946090698,90429
0.1358477624600325,5653.217060658368,SinMedian,Median,13.561519687765442,5.09171986579895,90430
0.8075613312420644,3.262892932284959,SinMedian,Standard,13.11985997844075,5.326273679733276,90431
0.0044586015330181,3.630634709862603e-07,Standard,SinMedian,13.5728076479789,5.223798990249634,90432
0.3856860217807815,0.1201763641818052,SinMedian,Median,13.482857781897648,5.356940984725952,90433
3.141506058527754,0.023101223109218,Median,Median,11.980897809946836,5.800087928771973,90434
1.9779560302821407e-08,0.0336085988533157,Median,SinMedian,13.576986778463509,5.268770217895508,90435
0.0001740888393862,1.1565680139168446,Median,SinMedian,13.577280264642033,4.987255096435547,90436
9.308773333996774e-08,1302.3837711874287,Median,SinMedian,13.57698690331587,4.900513172149658,90437
97222.80054593876,3.845262226561681e-07,Median,BCM,4.889131131846095,55.752556800842285,90438
0.0153438695066236,221472.8710497342,BCM,SinMedian,13.58423391202244,4.695900917053223,90439
66067.74116174756,0.0001680211477776,Standard,BCM,5.4124341196798555,32.37964391708374,90440
1.9993121414504366e-09,0.0149921209963756,Standard,SinMedian,13.576986734076298,4.536716938018799,90441
738.2591724231263,1.8903020636977624e-08,Median,Standard,4.73901579431191,4.622190952301025,90442
1.987768903347591e-09,1.1177235876012488e-07,Standard,Standard,13.576779463833413,4.6630189418792725,90443
0.0176938906576514,0.0006004455838265,Median,Standard,7.054588845963271,4.753389120101929,90444
762585135.7698799,1048955.9537922032,SinMedian,Standard,12.329588521485473,5.213896751403809,90445
33779607.91766788,5.189394895422667e-09,BCM,SinMedian,48157485752993.03,7.674718856811523,90446
0.3404969450683009,0.0019275845346735,BCM,BCM,3.973952619307632,4.694914817810059,90447
0.6488873393966383,5.17230327643554,SinMedian,Standard,13.247677319211157,4.814396858215332,90448
0.1095042121278674,6118134.312054237,BCM,SinMedian,13.569443136504306,4.682446241378784,90449
8.483492394810606e-05,0.0008137762700999,BCM,Standard,13.508616009426808,4.609244108200073,90450
9.1688766992474e-06,1218.218188649715,BCM,Median,13.577001816918472,4.442960023880005,90451
4.940887221547276e-08,4607352.4056572495,BCM,SinMedian,13.57698682969812,4.587441921234131,90452
0.0088730350775245,19.39803189394062,Standard,BCM,13.585459426456554,4.553243160247803,90453
2.3357686757612042e-08,5423340.108498316,BCM,Median,13.57698640293322,4.623736143112183,90454
421824.1840781266,0.0001283609814456,Median,BCM,5.450890352956397,33.96815013885498,90455
0.001286770311676,9.638547549074511,BCM,BCM,13.578927798251264,4.630397081375122,90456
0.000407992818732,1092.2923866718577,Standard,Median,13.577649537641564,4.486239194869995,90457
87214.92030342872,0.0007321151584846,Median,SinMedian,4.344042880640896,9.005876064300537,90458
33942.12093802418,53379.89534797773,SinMedian,SinMedian,12.852335923634604,5.180962800979614,90459
6.219579800748581e-06,5.578936681393909e-09,Median,SinMedian,13.57698662244422,4.641845941543579,90460
4.656160700067824e-09,3086.0105379079537,SinMedian,Standard,13.57677947128614,4.452824831008911,90461
0.0560392209834911,66100.02105874069,Median,BCM,13.578666063676373,4.772631883621216,90462
5.2176948868967555e-09,2.668554785401349e-07,BCM,BCM,13.576906339795537,5.226264953613281,90463
0.0011014084928613,8.742447558447156e-09,BCM,SinMedian,13.57697035104846,5.456174850463867,90464
1.648536227438662,130.1062670026417,Median,BCM,12.583392571264042,6.053040027618408,90465
1813879.4821576525,0.1489577175451839,Standard,SinMedian,12.851827700989224,6.215813875198364,90466
5190708.8778010085,648.0788662269246,Standard,BCM,12.566780852964207,6.1651997566223145,90467
135507232.17194864,8.249410275433773e-09,Standard,Standard,530.7260324927294,21.09133005142212,90468
1.3809628075820472e-08,0.0388903586786302,Median,Median,13.576986386424757,5.527765274047852,90469
2.9459928527618673e-08,0.3281067401128656,Median,SinMedian,13.576986796075532,5.8002612590789795,90470
81647.11414564327,1398295.0567089138,BCM,Standard,12.329588521485473,6.05460786819458,90471
0.5700768129549648,2.038913467424029e-05,BCM,SinMedian,5.939117655837561,5.597151041030884,90472
97738866.94998196,112.41183646809516,BCM,BCM,12.566780852964207,6.453749179840088,90473
0.0016125165730131,14498160.993233245,Median,SinMedian,13.579278894227272,5.969698905944824,90474
1.7565619405551886e-05,86080213.92513806,Median,Standard,13.576804913255955,6.302417993545532,90475
1.4736981424460846e-08,4652082.659767198,SinMedian,Standard,13.576779485891027,6.184231996536255,90476
77.3897980811421,15231.693261417216,BCM,Standard,12.329588521485473,6.810989856719971,90477
64.3874454490723,460410.5458339551,Standard,SinMedian,12.852335923634604,6.6121509075164795,90478
2.234560327989362e-07,1458896.8252771487,Median,Median,13.57698674018176,6.325469970703125,90479
3.657468451264458,2.9460025739082563e-05,BCM,BCM,3.8570458318334153,6.292228698730469,90480
5109177.236548439,0.0389033344938071,Standard,Median,12.144022347482451,6.50534987449646,90481
13987215.018867936,4.579889405311284e-06,BCM,SinMedian,10.30586366840877,119.80634093284608,90482
7445111.658439271,0.5774486983591812,Standard,SinMedian,12.852335921859838,7.568702936172485,90483
3.096094563073194,176.51568213252548,Median,SinMedian,12.855002975041469,7.416912078857422,90484
0.000119814690789,8083494.501720835,Median,BCM,13.57708613910051,6.851041078567505,90485
1.179925908628138e-07,1.2190484703596086e-05,Standard,BCM,13.576901828322269,7.730042934417725,90486
2.0418896335884215e-05,2.319967439597114e-07,Median,SinMedian,13.57696983479295,7.692166805267334,90487
1613263.5750955264,69.07259462995341,BCM,Median,12.331729295623251,8.338490009307861,90488
0.0016681144303583,52.63222941736713,SinMedian,SinMedian,13.579318962226068,7.710287094116211,90489
120.9698576706403,1.1619561243727938e-08,Standard,Median,10.816345374539525,7.79277491569519,90490
116888279.81138276,4.209427454182038,BCM,Median,12.331729295623251,8.431509017944336,90491
35699.8564361932,1.354382856425855e-09,BCM,BCM,4.118969001264891,7.71169900894165,90492
32878671.237867855,38.95937598069677,BCM,BCM,12.566780852964207,8.199599981307983,90493
76.57675208231997,640334.2700160947,Median,SinMedian,12.852335923634604,7.879410982131958,90494
0.0005994524526426,1.6337510809697957e-07,Median,SinMedian,13.57663702363059,7.319552898406982,90495
0.0843815624955393,1.9109211383288513e-07,Standard,Median,13.537145360214716,7.474969148635864,90496
4.4589198127328024e-09,4.011234901486077e-06,SinMedian,Standard,13.576779417683737,7.940471887588501,90497
1.650979498323013e-09,0.0002885506724574,SinMedian,BCM,13.576905402763922,7.9544548988342285,90498
901010535.3000132,29.959845828602,Median,SinMedian,12.852335923634604,8.658713102340698,90499
52612666.613072895,1.34322765248692,Standard,BCM,12.566780852964207,8.771955251693726,90500
38.16691988850766,5.681690803249665e-05,BCM,SinMedian,3.882379728483242,8.313510179519653,90501
0.0048953345944715,2.512256558619274e-05,BCM,SinMedian,13.382934843673771,7.288626909255981,90502
3351.431990167195,1.9726496644676932e-08,Median,Median,3.653844513297998,7.970416784286499,90503
35914.663827019824,324292.52121981117,BCM,Standard,12.329588521485473,8.347471952438354,90504
2.7611982589896552e-08,0.4683096364393169,Standard,Standard,13.57677950454407,7.079143762588501,90505
1272.0603310699714,0.1194732447685835,Median,Median,12.331393042982636,7.597221851348877,90506
1860.4417497274023,3537.3132230242545,BCM,Standard,12.329588521485473,7.184946060180664,90507
5.219792019192985e-07,49481.65460913406,Median,Standard,13.57678022077334,6.614912986755371,90508
18786840.422805183,1.6137507862606558e-05,SinMedian,BCM,6.035237024688738,91.96414184570312,90509
0.0109593353399069,0.000589065749444,Median,Median,8.646430502310936,6.839000940322876,90510
110.52644310146754,47866.48559235626,Standard,SinMedian,12.852335923634604,6.872346878051758,90511
6.164958145589329e-08,1.1766037193689223e-07,SinMedian,SinMedian,13.576986731103505,6.590543746948242,90512
3.0850330086175463e-06,593522.2100366254,Standard,Standard,13.576783934074069,6.594114065170288,90513
2507.348274625882,0.6917980021505166,Median,Median,12.331729295623214,7.287519931793213,90514
1.7037170135597264e-05,0.2036279814019397,Standard,SinMedian,13.577015461440176,6.693679094314575,90515
2.8745657321075563e-09,13463.51841238831,Standard,BCM,13.576906346972589,6.311678409576416,90516
0.0008852204423491,1523681.761779724,Median,BCM,13.57820423430156,6.635729074478149,90517
3667335.189819551,671.7035494288162,BCM,Standard,12.329588521485473,7.080915927886963,90518
4.102936396710795e-06,3.402820093353003,Median,Median,13.576993278712054,6.272088289260864,90519
0.0003089523941591,4753581.725744894,Standard,Median,13.577504175378133,5.876700162887573,90520
0.0008653705837219,1973.9611186092209,Standard,BCM,13.578174130128213,5.865389108657837,90521
2.3043257431515293e-08,6525015.350047212,Standard,SinMedian,13.57698678526067,5.972482919692993,90522
1976243.1623751891,1018.9155649819248,BCM,SinMedian,12.852335923634604,6.210705041885376,90523
5.305914651853738e-07,273.3237098368768,Standard,SinMedian,13.57698764069861,4.941215991973877,90524
621281.9635049092,203.3821098669434,Median,SinMedian,12.852335923634604,7.251360893249512,90525
41.55433028658252,3.639067603903895e-06,Standard,Median,3.5189002166683374,6.822701930999756,90526
0.00115193500713,716160253.6502562,SinMedian,Standard,13.578423603674176,6.693475961685181,90527
738951144.2492143,2.1801004933952997,BCM,Median,12.331729295623251,7.491873741149902,90528
2.1995471828051972e-08,0.0046291631566504,Standard,SinMedian,13.576982619447156,6.854421854019165,90529
263.8377248409575,0.028220013886722,SinMedian,BCM,11.54379248859872,7.330729007720947,90530
54853106.2121898,4.855663492155948e-07,BCM,SinMedian,2.1459702543743384e+55,100.81584906578064,90531
0.2034392739952805,12.504824247417366,BCM,BCM,13.525291091851292,6.958636999130249,90532
0.5881530633099652,0.0362981036282051,BCM,Median,12.735984782133803,7.011504888534546,90533
24803359.247463197,2.517023136412263e-09,Median,SinMedian,226863781353.9175,10.581371784210203,90534
2.4684889870665363e-06,2206.094871920724,BCM,BCM,13.57690994263789,6.697726249694824,90535
343421358.6971865,1.621430470181666e-07,BCM,SinMedian,,0.0,90536
10232094.874172816,31.71857464453069,Standard,Median,12.331729295623251,7.753993988037109,90537
1.0321883157688772e-09,1.249566259006461e-05,SinMedian,BCM,13.576906309053848,7.241670846939087,90538
4.5899593430686365e-06,13608367.293007877,Median,Standard,13.576786114381028,7.274726867675781,90539
4029.116986250077,0.2944138054216609,SinMedian,Standard,12.329565504982916,7.958944082260132,90540
0.8411532892519825,0.0034897659359602,BCM,Standard,4.116899471348288,7.7162697315216064,90541
44191082.86297764,0.0092428566312014,SinMedian,Standard,5.517815693012047,7.902824878692627,90542
3.800894731381392e-05,8499577.517570652,Standard,BCM,13.576961772306165,7.210870981216431,90543
0.0002271668079997,8254.85253672269,SinMedian,Median,13.577369427934045,7.384045839309692,90544
1.3411190399060058e-07,1164019.0283783309,SinMedian,Standard,13.57677965883901,7.177850246429443,90545
42.596101934106144,2.3553114826733703e-05,SinMedian,Median,3.665484071588076,7.007105112075806,90546
309.3112907879912,0.0007874989692569,Standard,Standard,4.109725611813177,12.28799295425415,90547
7074483.795667429,0.1902046628127959,BCM,SinMedian,12.850935842641206,7.375748872756958,90548
3.715311030584236e-05,44.153921461846075,Median,BCM,13.576960524211117,6.474846124649048,90549
0.0075476467509755,1.9091537692434201e-07,BCM,Standard,13.573711911415154,6.537535905838013,90550
2.6800845382401388e-08,0.0002827805174971,SinMedian,BCM,13.576891302910658,6.513111114501953,90551
117.56635387325656,1268.8193138396828,BCM,Median,12.331729295623251,7.066495895385742,90552
1624.7460900974024,1.1409127401710668,BCM,BCM,12.56678085257527,7.44399094581604,90553
1.4064916612274484e-06,2.1364531807157765e-06,SinMedian,SinMedian,13.576980413975392,6.844719886779785,90554
485977550.2664625,28010008.921380468,Median,Standard,12.329588521485473,7.16252875328064,90555
110673.191627449,6.857765534912353,SinMedian,SinMedian,12.852335923634604,6.761663913726807,90556
0.5094307093185992,41.60287743867335,Standard,SinMedian,13.414080460673866,6.930917024612427,90557
6.371234291888276e-08,4.63583642076098,Median,Median,13.576986470947515,6.761899948120117,90558
75.42636632724272,181319820.92369205,SinMedian,BCM,12.566780852964207,7.588000774383545,90559
0.0118444244725015,170398.54598963945,Median,Median,13.582745706321242,6.785441875457764,90560
0.0123001991026347,2518.783665137441,Standard,Median,13.582916716927889,7.026321172714233,90561
2.818621604693759e-07,0.1292941383049747,SinMedian,BCM,13.576906753772326,7.122212171554565,90562
8.383796750358155e-06,46126067.42073435,Standard,BCM,13.576918569080371,6.918593168258667,90563
60.08637878046746,27531.793164705417,Median,SinMedian,12.852335923634604,7.730700969696045,90564
4070.008414939731,56244070.83100647,Standard,Median,12.331729295623251,7.053873300552368,90565
1.03265067942798e-06,5.451329466432691e-05,Median,Standard,13.576562657554222,6.643986940383911,90566
413152602.5702259,1.7985138057025347e-05,SinMedian,Median,5.708962817246803,142.7055640220642,90567
4.105372611963033e-08,6.22124002717682e-06,Standard,BCM,13.576905532951445,5.948922872543335,90568
7.747579296485046e-08,0.0099935835690408,Median,Standard,13.57677863101268,6.273692846298218,90569
0.0012754849188237,10.143872930357212,SinMedian,Median,13.579037305269116,6.03968620300293,90570
0.0107396215399076,3410.8411652602717,Standard,Standard,13.585522524707244,6.085789918899536,90571
2352.104911293487,12.78917877925123,BCM,SinMedian,12.852335923634604,6.646152973175049,90572
108.64807515131434,69703213.22383715,Median,Standard,12.329588521485473,6.824051856994629,90573
429163855.73791,0.0867199796656451,SinMedian,BCM,12.556551883453324,6.841064929962158,90574
4.751927605977129e-09,58220.97874215631,BCM,Median,13.576986371574812,5.7388317584991455,90575
1.2465152420286675e-09,9.763418067041386e-05,SinMedian,Standard,13.576779175410383,5.86870813369751,90576
66578.16314871,9.02956270252848e-09,Standard,Median,3.392954877852255,6.476423025131226,90577
261759.22994753945,492.6006582185127,Standard,SinMedian,12.852335923634604,6.355327844619751,90578
2.213940832879535e-08,9.605419281969364e-05,Standard,Standard,13.576773682745772,6.107577085494995,90579
58896.931569218286,62.4203501450473,BCM,Standard,12.329588521485473,6.509891033172607,90580
13451875.784269078,322824399.13006824,Median,Standard,12.329588521485473,6.504240036010742,90581
3.2635329833657977e-07,1.8610447039095983e-08,SinMedian,Median,13.57698635073721,6.062337160110474,90582
1.8424182896021515e-09,311000662.0931234,BCM,SinMedian,13.576986749528102,6.094867944717407,90583
1416650.996174489,2153.346626710884,Median,BCM,12.566780852964207,6.60024619102478,90584
0.001739834203672,0.0023209199798403,SinMedian,SinMedian,12.442911281912764,5.814111948013306,90585
25022086.81597856,11523.006819507851,SinMedian,Median,12.331729295623251,6.167748928070068,90586
0.2029469638160387,0.0001157238585178,SinMedian,SinMedian,4.679588615920589,6.356920957565308,90587
8399899.64621709,75525.99285882007,Standard,Median,12.331729295623251,6.636336088180542,90588
217798.34516716073,0.0006974126164443,Median,Standard,4.0594945182683455,11.106433868408203,90589
50811663.46490167,384141223.27238274,SinMedian,Median,12.331729295623251,7.152489185333252,90590
136405856.29281965,9636889.75382434,Median,Standard,12.329588521485473,6.95649790763855,90591
0.0051224583718852,6114.802152074753,Median,BCM,13.584862009027525,6.55092191696167,90592
78.31268462741174,671910679.6545998,Median,SinMedian,12.852335923634604,6.687631130218506,90593
0.0010398609990357,3.999152586259876e-08,Standard,BCM,13.57677307134165,6.155184030532837,90594
3.04322291929409,0.0321990846574453,SinMedian,Median,11.647144030383336,6.630934000015259,90595
62754097.38764892,1.5906164263883637e-06,SinMedian,Standard,305.62677712806953,165.74954104423523,90596
171044326.72278327,186410736.91314748,Standard,Standard,12.329588521485473,6.349011182785034,90597
1.0876849038851832e-08,1.2716074759293911e-09,SinMedian,Median,13.576986363536632,5.649688959121704,90598
1.0059384970382277e-08,0.0001947711993194,SinMedian,Standard,13.57677524922184,5.892268180847168,90599
146617676.40473098,0.384695055874341,Standard,BCM,12.566780432066752,6.630098104476929,90600
1.1326442143595354,380.57709230382096,Median,BCM,12.739677511568644,6.187231063842773,90601
44168.21481897994,2162837.4614512133,Standard,Standard,12.329588521485473,6.373554944992065,90602
10693576.568207463,0.0074672921263651,Median,BCM,8.161138154441291,6.336838960647583,90603
6.737000305260156e-08,1.160177940984195e-05,BCM,BCM,13.576904684148056,5.894078254699707,90604
0.0001328102032814,21534290.147957742,Standard,Median,13.57721023601176,5.624512195587158,90605
40279210.61038207,6.466840655131125e-07,Standard,Standard,290.1326278570225,140.35767126083374,90606
237.63428997787324,6.184537276779024e-06,Median,Median,3.3849126634424898,6.7372143268585205,90607
7.560285473535692e-07,0.0996017190383256,SinMedian,Median,13.576987637218371,5.572115898132324,90608
9.45655229681138e-07,3.5443306992700436e-06,SinMedian,Standard,13.576770679475198,5.446808099746704,90609
21.303533574783305,5245856.576537776,SinMedian,Standard,12.329588521485473,6.006340980529785,90610
215.25003014170136,4.166417392800955e-09,BCM,BCM,11.991274528789171,5.4689390659332275,90611
3452046.767889428,517938017.27735335,Standard,Standard,12.329588521485473,5.859703063964844,90612
3.557514487637574e-05,1.0697789939654526e-05,SinMedian,SinMedian,13.57619203608931,5.593766689300537,90613
1.524418507300008e-09,0.6660634773667643,Median,Standard,13.576779466748931,5.73241925239563,90614
0.0001023072368497,330.782285791105,Standard,Standard,13.576927685204344,5.433528900146484,90615
7.141420746258072e-05,42.641983755790385,BCM,SinMedian,13.577107110213705,5.524013042449951,90616
4419.922061511465,0.8515911167262392,Standard,Standard,12.329588521484569,6.216130256652832,90617
0.0022966681412556,0.0001468219645335,Median,Median,12.754688908313751,5.639184951782227,90618
73696510.78911354,306934.1619040067,BCM,Median,12.331729295623251,5.9457879066467285,90619
2.1719481017316863e-06,62633074.524569616,BCM,Median,13.576990024197462,5.325851202011108,90620
0.0001269992759232,8.77842234425838e-05,Median,BCM,13.538629883024962,5.524907112121582,90621
2.1637461524876405e-06,0.0907444329800788,Standard,Median,13.576990010148007,5.535413026809692,90622
112918869.9323409,0.7741833641271233,SinMedian,Standard,12.329588521132337,6.108319997787476,90623
406.3966368019953,0.5220161202905055,BCM,BCM,12.566775347483848,5.991730213165283,90624
3.779340928848367e-07,240.9559994118459,BCM,BCM,13.576906893930898,5.226708889007568,90625
0.0644342664617674,1.1706580505761252e-08,BCM,BCM,13.575288854125864,5.327765941619873,90626
0.2357278978579956,332232.8669971833,BCM,Standard,13.52326105688072,5.463762998580933,90627
0.0111108307916995,2.10426160013901e-05,Standard,BCM,12.937531538272289,5.518434047698975,90628
657509693.7494932,1.5621821230952617e-06,Median,BCM,480.035230133863,153.1127278804779,90629
1.4381164932129293e-05,1.1055150028032521e-08,SinMedian,SinMedian,13.576986410616067,5.4353930950164795,90630
68038711.39099562,9857297.417256726,BCM,SinMedian,12.852335923634604,5.8037638664245605,90631
114750130.95350452,1989526.069150631,BCM,BCM,12.566780852964207,5.582918882369995,90632
0.2660063399138942,217.4474847626491,SinMedian,Median,13.528284713014653,5.146554946899414,90633
1.8453449529082315e-09,6.014732462152095e-05,Standard,Standard,13.576779145081687,4.943476915359497,90634
1383.500100167773,8.441877476844276,Median,Standard,12.329588521485473,5.335285902023315,90635
110571.21152173186,4.208601075823108e-07,BCM,Standard,3.845140876170379,38.39722275733948,90636
0.000182661793151,3.3633730270168076e-06,SinMedian,BCM,13.575284290718509,4.74862813949585,90637
4566371.542048277,3.867190981685324e-08,SinMedian,Standard,21.67681707893111,28.776997804641724,90638
1.4696563093042236e-07,1.558052389013339e-09,Median,BCM,13.576906341753714,4.760936975479126,90639
21279577.159577068,3077655.54940811,SinMedian,BCM,12.566780852964207,5.323317766189575,90640
3.0821865991199438e-09,260296.53824157943,Median,BCM,13.576906347275369,4.703780889511108,90641
4293249.158307736,1131.458938650697,Median,Median,12.331729295623251,5.414643049240112,90642
14287922.354695603,0.1475499643212756,BCM,BCM,12.562881211098656,5.456113815307617,90643
1.2893188106909317,2855.684875725344,Standard,SinMedian,12.964364337545785,5.142375946044922,90644
2.3208413068846014,817385.0036080029,Median,SinMedian,12.859865078771344,4.989021062850952,90645
703807.8766676502,0.0001183618069384,SinMedian,Median,5.100570940235041,61.91009306907654,90646
286860179.7442179,22641.826502803753,Standard,Standard,12.329588521485473,4.907765865325928,90647
28.989195375655942,156574330.6155187,BCM,Standard,12.329588521485473,4.977982997894287,90648
3.1887151642765114e-08,139.45271230594676,BCM,SinMedian,13.57698680016645,4.490602016448975,90649
59335.03750354872,16.8556604139247,Standard,Median,12.331729295623251,4.976948976516724,90650
8.72268550421896e-08,3.2892351743302246e-08,BCM,Standard,13.576779458431352,4.540910243988037,90651
0.0237226226348525,3.7200213268511946e-08,Median,BCM,13.57295954690176,4.574412107467651,90652
1254.8718406233431,2.585670636156194e-06,Median,BCM,4.4091781811500885,8.58866000175476,90653
125093573.7364914,203378839.0055088,Standard,Standard,12.329588521485473,4.8876097202301025,90654
0.0205679827021548,24405.3777614634,SinMedian,SinMedian,13.585928810286028,4.390252113342285,90655
0.0004565727662466,80.56279072372247,Standard,BCM,13.577526595523524,4.260254859924316,90656
6544817.99402833,3.826604711459005e-05,BCM,Median,5.471575502704186,114.65190696716309,90657
86743871.76491122,1.043741106174076e-09,SinMedian,SinMedian,4.84449270953412e+27,5.01394510269165,90658
671.005256654929,1512926.5718486165,Standard,BCM,12.566780852964207,4.746315002441406,90659
2575528.047876621,0.0036189171230318,Standard,SinMedian,5.1620169272006535,5.383744955062866,90660
3.1536342397796683e-09,3.44367774707237e-08,BCM,BCM,13.576906342547668,4.4898858070373535,90661
93.54803380578952,0.0329141195813468,SinMedian,Median,11.61652148075305,5.063223123550415,90662
499.1381391901022,4.629682734575422e-09,Median,SinMedian,8.637436261445972,5.11345100402832,90663
0.0006646997964844,85.89227052149539,SinMedian,SinMedian,13.578098019962434,4.271929025650024,90664
1694270.6448199823,49711511.32882176,SinMedian,BCM,12.566780852964207,5.135966062545776,90665
25.53468656725949,0.0150272594717244,BCM,Standard,6.658963600997008,5.178736925125122,90666
5.93505971582077e-07,12928929.153886495,Median,SinMedian,13.576987746736728,4.662897825241089,90667
7.4611129394669105,1893.18324307835,SinMedian,BCM,12.566780852964207,5.277016878128052,90668
1.0453466478368214e-06,1.4212688632200308,SinMedian,BCM,13.576907867234732,4.520161151885986,90669
2907.102328677367,1.3852241968238034e-07,Standard,Median,3.414254840509179,4.762018918991089,90670
0.431793605872674,109693331.41352697,BCM,Standard,13.415115453066935,4.801576137542725,90671
3.3607235547096486e-08,4.408944603552147e-06,Standard,BCM,13.576905871495056,4.481945037841797,90672
5089.704888272134,12850243.663813565,Median,BCM,12.566780852964207,5.107724189758301,90673
3.1917226051239567,509.52604071859105,Median,Median,12.417468513608164,4.834663152694702,90674
1.4666714549306672e-05,0.0481708478184191,SinMedian,BCM,13.576925975974593,4.497668981552124,90675
1663678.178116592,575697057.1401345,Median,Standard,12.329588521485473,5.060099124908447,90676
7090.9525754242495,0.0008751448462958,BCM,Standard,4.440588095085179,11.906078100204468,90677
4.4292856266266146e-05,522.5609680021571,Standard,Standard,13.576843635138346,4.310745000839233,90678
0.0002026636367362,25806976.51272895,Standard,SinMedian,13.5773284745891,4.391568899154663,90679
110.63702216884712,7.251369823897428e-06,BCM,Median,3.584090513711152,4.71602201461792,90680
32222.841941445666,33083.88722955792,Median,SinMedian,12.852335923634604,4.674695730209351,90681
876632.3050245397,2.0975521871945972e-05,SinMedian,Standard,5.654244677071428,108.37286615371704,90682
6213.156002448664,23062.253135692154,SinMedian,Standard,12.329588521485473,4.573434114456177,90683
47517.8892388436,17899720.028737806,BCM,SinMedian,12.852335923634604,4.691551208496094,90684
4.2400881205567255e-08,2.096851692857181e-07,Standard,Standard,13.576779436254109,4.292279005050659,90685
1.2855658872360675e-06,1.8869310249484137e-07,BCM,Standard,13.57677894809143,4.5896172523498535,90686
5.121618426705505e-09,2.2286994820359743e-05,Median,SinMedian,13.57698636605716,4.405728101730347,90687
333687159.5095907,78.99436986411139,BCM,Median,12.331729295623251,4.8730149269104,90688
6.055189663518654e-09,118661499.12991408,Median,BCM,13.57690635161097,4.261791944503784,90689
240719.41899326188,390232.8826317628,SinMedian,Standard,12.329588521485473,5.115595102310181,90690
0.1794380728217918,56441566.5207513,SinMedian,Standard,13.546992106447716,4.626266241073608,90691
66072214.882001065,139.36489711885213,Median,Standard,12.329588521485473,5.5098350048065186,90692
3.868918553990885e-09,11297.955478389678,SinMedian,BCM,13.576906348422677,5.12817907333374,90693
0.7305212493311393,4.633682383754121e-05,Median,Standard,4.007844989360863,5.036635160446167,90694
3.0925712960206145e-05,8.847536966138178e-06,Median,Standard,13.575597328506314,5.020594120025635,90695
1.1043585711409682,3.143532802570735e-08,SinMedian,BCM,13.493468452119137,4.945857048034668,90696
4.033512150157343,20369.490784355086,BCM,Median,12.41800802754985,5.3088579177856445,90697
0.0158134500726686,565512337.1130682,SinMedian,Standard,13.586166872600954,4.737501859664917,90698
61624065.06069397,56936323.40630005,SinMedian,BCM,12.566780852964207,5.242112874984741,90699
7.250495384163016e-06,139.90697377859135,Median,BCM,13.576916916357783,4.706774950027466,90700
286911.1973603671,3.722283145222645e-05,SinMedian,Median,5.4655791823211,92.55485701560974,90701
30653792.987457905,17885578.944431275,Median,BCM,12.566780852964207,5.234900951385498,90702
3397047.7415419826,0.0022160841036899,Median,Median,4.569696885517069,5.9088568687438965,90703
0.0640346896902408,0.000202589164037,SinMedian,BCM,5.741876537315591,4.715410947799683,90704
652717366.9086437,0.233333640178132,Median,Median,12.331726623204638,5.333457946777344,90705
342.4027411542119,10367.6706854263,Standard,BCM,12.566780852964207,4.616266965866089,90706
36376197.35124338,48210531.81353862,SinMedian,Median,12.331729295623251,4.822478771209717,90707
224122777.6988648,0.0001140774135138,SinMedian,Standard,5.10767981273063,51.2216010093689,90708
0.01368763516804,201.56641497579423,Standard,BCM,13.585464510028624,4.384474039077759,90709
560339.0942879828,1.8036306757263375e-08,BCM,SinMedian,5.325297833123464,11.511332035064695,90710
7.74702439248034e-09,5.107289907508179e-07,BCM,BCM,13.576906334300062,4.207951307296753,90711
157405464.98723933,9.87001731438267e-08,Standard,BCM,1.934923793892143e+284,44.79073977470398,90712
3.141862337176134,0.0022822504831789,Median,Standard,4.565684138962185,5.173815965652466,90713
9.347456940911833e-06,6.148754806950656e-09,BCM,SinMedian,13.576986648587734,4.049554109573364,90714
587.6565559344227,0.0972425343670435,Standard,SinMedian,12.848520363961418,4.801872968673706,90715
9.540420216374285e-08,78876044.00854248,SinMedian,Standard,13.576779602760071,3.9968576431274414,90716
728.8562361404903,0.0065911475804791,BCM,BCM,4.8751291439435995,5.069552183151245,90717
0.4772771018025625,68408152.26956484,SinMedian,Median,13.433069099202845,4.518740177154541,90718
0.4005246834915942,9.57928223309278,BCM,Standard,13.43543788209418,4.606046915054321,90719
122112411.51162508,320.12943315262174,Standard,Median,12.331729295623251,4.794194936752319,90720
0.0021342648628089,33458752.43592632,SinMedian,BCM,13.580906700622846,3.799567937850952,90721
8.64979594069595,4142759.988215816,BCM,Standard,12.368480393385846,3.943566083908081,90722
355962.63987817336,2.25149423434204e-07,Median,BCM,5.93029753354092,45.0631160736084,90723
16371786.207096638,74984.75036274707,Standard,SinMedian,12.852335923634604,3.822746992111206,90724
399803949.92181647,3.265252871978019e-05,Standard,Standard,5.3710954801722055,124.6712248325348,90725
149833572.20843333,360475.92700000433,SinMedian,SinMedian,12.852335923634604,8.482505798339844,90726
1.616637353990499e-09,0.0068510919230622,Standard,BCM,13.576906186056815,7.996495723724365,90727
0.0002122418067336,19227.32801105912,SinMedian,Standard,13.577084319677668,7.564763784408569,90728
0.2053002052613551,0.0037578574509721,Standard,Standard,5.627091166053103,8.155059099197388,90729
4.043333680322071,8.136395709878297,Standard,SinMedian,12.852335923634604,8.392602920532227,90730
0.0132333226311257,77791.5963149078,SinMedian,Median,13.583181978016512,8.279968976974487,90731
636.346738090142,193708495.46030167,BCM,Median,12.331729295623251,8.29627799987793,90732
10483.318947504256,9.160319271702335e-08,Standard,Standard,3.3687878526014097,8.79229998588562,90733
192.5255178622353,2.3607405716637613e-05,Standard,Standard,3.4288516002444234,11.13181471824646,90734
159.08363886801305,1.4808274118112587e-05,BCM,Median,3.5320232773365903,8.644697189331055,90735
7.92733917251534e-08,9.864060642560537,SinMedian,Standard,13.576779579390076,7.727086782455444,90736
28.68886112177913,3.578013945853062e-05,Median,Median,3.379136820260987,6.586264133453369,90737
7671.58588546304,2.72484035280558,BCM,SinMedian,12.852335923634604,6.20944881439209,90738
435801.99684363586,342942.1684270457,BCM,SinMedian,12.852335923634604,6.150136947631836,90739
0.1317784266892615,0.0220343276377436,BCM,Median,12.431768605577764,5.7717039585113525,90740
4495.429364073411,2.1322120957808064e-06,Median,SinMedian,4.976966182487748,18.78881287574768,90741
22832032.891057447,5.15726990175044e-07,Standard,Standard,166.60090094095747,125.8361749649048,90742
580289.0742255109,0.9730604552115842,BCM,Median,12.331729289752138,6.399194955825806,90743
4.519028675384686e-07,40503868.49971831,SinMedian,Standard,13.57678011924816,5.522470235824585,90744
0.0050696478740521,138.90357551780662,SinMedian,Median,13.580828407959231,5.602676153182983,90745
456494585.0881645,6.420283340029207e-07,SinMedian,SinMedian,,0.0,90746
133.10790198361096,1.4381993099910988e-05,Median,BCM,4.137946237092419,7.700818777084351,90747
0.688895780015478,63609.616007656565,BCM,Standard,13.215677805179746,5.740383863449097,90748
0.260555926064368,1011.499744698962,BCM,SinMedian,13.529729332186765,5.53767991065979,90749
2.90274338578091,714.8661746940687,BCM,Median,12.424000780242745,6.0827271938323975,90750
153070.64813463474,71.0519621359176,Median,SinMedian,12.852335923634604,6.067485094070435,90751
1.0066940078393268e-05,0.2470566424641416,Median,BCM,13.576921023652204,5.837568044662476,90752
66.95783064434106,11675.062799200896,BCM,BCM,12.566780852964207,6.036742925643921,90753
2077.653849360848,106903158.60823809,BCM,BCM,12.566780852964207,5.954308032989502,90754
340858.98763590364,282933399.5394834,BCM,Median,12.331729295623251,5.626350164413452,90755
7.477777845187872e-06,1.2965359570558426e-07,Standard,Standard,13.576776379584857,5.377958297729492,90756
2.8966668350142665e-08,936362590.8693254,Median,Standard,13.576779506506712,5.330230951309204,90757
19663000.343139853,2.4796869873808714e-06,Median,SinMedian,10.664032321294904,163.89193606376648,90758
1609210.0718782498,51.862810998559986,BCM,SinMedian,12.852335923634604,5.962062835693359,90759
1.6892558890490363,21.37664200000142,Standard,SinMedian,12.863295393541447,5.8294150829315186,90760
3.048324797733753e-06,1.1255990198857449e-07,BCM,SinMedian,13.576986162304086,5.266768932342529,90761
8.807189670552195e-09,11.380868338062996,BCM,SinMedian,13.576986761266747,5.152491092681885,90762
0.0029117098835263,2.2677527770474613e-08,Standard,Standard,13.576569327588798,5.44582200050354,90763
68.57109623178988,0.0454215949750474,SinMedian,SinMedian,12.690295487234485,5.9120471477508545,90764
89939906.42000094,4554009.359277545,SinMedian,BCM,12.566780852964207,5.648622035980225,90765
0.2919985172130507,1943.411517676817,BCM,Median,13.520140312858842,5.2260377407073975,90766
483733464.811172,1.251387962141816e-06,Standard,Standard,1222.9883617156602,174.17021298408508,90767
337270.40178027446,252647.10081175697,Standard,Median,12.331729295623251,5.4917378425598145,90768
8.805793637829305e-06,0.0522892571989831,SinMedian,BCM,13.57691849231892,5.18218994140625,90769
0.1278891098338554,68795820.09630048,Standard,Standard,13.562286302325465,4.836591958999634,90770
140.94802102025855,449347835.87312573,Median,Median,12.331729295623251,5.734247922897339,90771
6.591251584338686e-09,0.2208145247945705,BCM,Standard,13.576779474089625,5.014925241470337,90772
3.795490191088802,0.0001334847815314,Median,BCM,3.7119853752072665,5.705685138702393,90773
1069.5517373567045,1838.55060491372,Median,BCM,12.566780852964207,5.919251203536987,90774
2.414720583501197e-07,237227.7823503158,Median,BCM,13.576906694925038,5.208728075027466,90775
434.4090292270068,4.882009543470926e-06,BCM,BCM,3.7582738036908014,6.413609027862549,90776
0.0341147910574931,5.654358106058657,SinMedian,BCM,13.587276030680274,5.385554790496826,90777
0.2595840815924799,1309582.260601742,SinMedian,SinMedian,13.52997513065889,5.539278030395508,90778
503003.9074655035,6315758.79357875,Standard,SinMedian,12.852335923634604,5.864491939544678,90779
225242531.69342855,82.75576706335488,Standard,BCM,12.566780852964207,5.981351852416992,90780
0.0005589323767894,1826.734008292412,BCM,Median,13.577911421741716,5.519078969955444,90781
2.641408543528942e-07,2.209830769239675e-07,Standard,SinMedian,13.576986597545275,5.240342855453491,90782
1.432143881407551e-06,0.0013824289454244,Standard,BCM,13.575725094911832,5.484546661376953,90783
1.6114561123563736e-05,227006267.15065977,SinMedian,Median,13.577013523271845,5.390536785125732,90784
5.240121205867702e-07,2.5950968541734105,SinMedian,Median,13.57698724674318,5.477421045303345,90785
3822506.6719035176,0.0114073729564282,SinMedian,Median,6.155888238411127,6.306720972061157,90786
51420.6460078364,2.1316595611663587e-05,BCM,Standard,5.073614199518289,133.191899061203,90787
3.262528958788966e-08,3585863.104735932,BCM,Median,13.576986418552965,5.1602606773376465,90788
12.946509399641212,18230.443685849757,Median,SinMedian,12.852335923634604,5.635929107666016,90789
0.1135393756770499,2.0620348986139075e-06,BCM,Standard,13.134842858354652,5.258316993713379,90790
3.6137930382099006e-09,109928133.22573596,Standard,SinMedian,13.576986752513632,5.095347881317139,90791
5714750.734326956,89.9866046665513,BCM,SinMedian,12.852335923634604,5.164449214935303,90792
0.0002139629725915,3.913866991690909,SinMedian,BCM,13.577198119994016,4.860398054122925,90793
2.093730988046504e-06,1.5071997262752863,SinMedian,SinMedian,13.576990275263832,4.72943115234375,90794
71623.61041704258,282876.4256783884,Median,SinMedian,12.852335923634604,5.498795986175537,90795
4.722859216426733e-06,1.612910562221899e-08,Standard,Median,13.576986169216198,4.923836946487427,90796
8.00230872688868e-05,60.00680756205685,BCM,BCM,13.577023043106236,4.741106033325195,90797
2.033091380927331e-07,176765436.84660846,Standard,Median,13.576986706225904,4.711802005767822,90798
22665.027076040045,491874316.9103716,SinMedian,Median,12.331729295623251,5.2334370613098145,90799
3.7025623967811008,1682.0275448690245,BCM,Median,12.417029505704676,5.165104866027832,90800
0.0002421152828297,7.887222801736186e-08,SinMedian,BCM,13.576855748473008,4.877321004867554,90801
69079.83143908167,342.04927964097067,SinMedian,SinMedian,12.852335923634604,5.416056871414185,90802
2.033150723952922,1.5059147712626105e-05,Median,SinMedian,4.386589105001336,4.972529172897339,90803
0.0002965506091083,3.400301358440679e-09,Standard,SinMedian,13.576984173557912,4.675884008407593,90804
0.036868225781415,0.04681166060565,Standard,BCM,13.584684701582892,4.912803649902344,90805
118100375.24160606,2.019665769322045e-08,Median,Standard,543.6865710864505,33.68730092048645,90806
0.0006345046429827,2.9623504438886167e-05,Median,Standard,13.505968568015389,4.466521978378296,90807
692265.9875543206,2352358.2829489796,Standard,Standard,12.329588521485473,5.016356945037842,90808
2.1043947466154603e-05,2.2744080766509235e-06,Median,Median,13.576816776873912,4.51362681388855,90809
1.861457125139688e-05,5.138496164288446,Standard,BCM,13.576933488895907,4.13996696472168,90810
1.283760128496835e-05,1.3836344808521703e-06,Standard,BCM,13.576849550836144,4.909977197647095,90811
4.5314696812380346e-07,2117875.0058375294,Median,SinMedian,13.576987510171188,4.222710132598877,90812
1.060744575423972e-05,3.8871347449945004e-09,BCM,BCM,13.576906254365255,4.300679922103882,90813
1.48134612703133e-05,0.0278388262485857,Median,BCM,13.576925667181982,4.768643856048584,90814
0.0061646890720566,0.0436389600344418,Median,Standard,13.58472913875361,3.892254114151001,90815
0.0408462917187585,7.073236017662234e-08,Standard,Standard,13.567686491447452,4.001492023468018,90816
2.949226060341713e-07,0.0433773221538288,SinMedian,Standard,13.576779832248562,4.295966863632202,90817
0.0002619045090293,1269.3281354208025,Median,BCM,13.577282837384814,4.335336923599243,90818
2.6397749822557944e-06,0.2782402257355872,Median,Standard,13.576783288993209,4.4042418003082275,90819
4796.777438328331,1.1741231303566878e-05,Median,SinMedian,5.344284887705876,72.38604497909546,90820
2.965746100538013,1.026011698552059,Median,BCM,12.569726289724366,4.659509181976318,90821
2.2428594299766424e-06,0.3109876404701385,SinMedian,Median,13.5769901437124,3.6504387855529785,90822
2.467813171765775e-07,0.0001265679609992,SinMedian,SinMedian,13.576929003193968,4.019407749176025,90823
924.6644761756876,0.0001041481012156,SinMedian,Standard,4.332967779743288,42.11909914016723,90824
0.0362300204552571,70.82094547090695,Median,BCM,13.5868471524214,3.461740016937256,90825
2700262.605331554,1819.7279608890176,SinMedian,Standard,12.329588521485473,3.792659759521485,90826
46022439.56044177,115217.17223341884,Median,BCM,12.566780852964207,3.886296033859253,90827
0.0003085897876246,7261556.682169128,Median,Median,13.5775036359001,3.453883171081543,90828
252.51955553381256,9.973077284140017e-05,Median,Median,4.096801885183132,19.61982798576355,90829
0.0036426886789202,15870.466783156102,BCM,Median,13.580551366909951,3.4812192916870117,90830
0.4634748320390473,291543.44129119033,Median,SinMedian,13.439564731211918,4.4355199337005615,90831
8.09715993256951e-07,480.48519191191303,Standard,Standard,13.576780637640605,4.437926769256592,90832
0.0001105267593606,0.1332028454335253,Standard,BCM,13.577073728329555,4.043431282043457,90833
4962966.70244063,5362.619414133697,Standard,Standard,12.329588521485473,4.5453040599823,90834
516274.7287034914,21757231.353625253,SinMedian,SinMedian,12.852335923634604,5.154584884643555,90835
0.0141286215486325,12.746011527865967,SinMedian,SinMedian,13.583565398425398,4.685832977294922,90836
3.7541335597362385e-08,0.0156888018632462,Standard,BCM,13.57690615740394,3.902377843856811,90837
0.0419933919873967,0.9196347809982842,Standard,Median,13.583290235300248,4.282088041305542,90838
0.8555600584351144,147.3762870642665,SinMedian,BCM,12.962406588321048,4.9595019817352295,90839
0.0512841503452768,1.2290641887112943e-09,Median,Median,13.576761088591224,4.708594799041748,90840
0.000580389807729,4.4218730028347796e-07,SinMedian,BCM,13.576226648304564,4.8248631954193115,90841
101.6226650020773,1.0038727666933625,Median,Median,12.331729295623251,5.175095081329346,90842
573.6472770422224,2.661354258288468e-06,Median,Standard,3.3902059757257894,6.30126428604126,90843
16941.674613744963,0.0961765411553603,Standard,BCM,12.562759184389614,5.1354780197143555,90844
2.141806801950752e-06,1.3401593346446052e-08,BCM,Median,13.576986314698294,4.922024965286255,90845
3372.385303460564,7.091377648616784e-08,Standard,Median,3.456479333625525,5.113381862640381,90846
0.1483022388149854,151.59518748828305,Standard,BCM,13.54901889476507,4.915708065032959,90847
9.445618115227896e-08,175.0753199935316,BCM,BCM,13.576906480528256,4.945739984512329,90848
1152.4620613147904,4.614097825126635e-06,BCM,BCM,3.7987449743458335,7.631685018539429,90849
1.2558159341427855e-06,2.168992787835857e-09,Median,BCM,13.576906330565272,5.143737077713013,90850
2.06633141334771e-06,309.1576091570314,Standard,SinMedian,13.576990229083714,5.089957237243652,90851
88923.55976906077,0.0118379975952944,Median,SinMedian,10.65105391467567,5.977873086929321,90852
1.8787306946371976,0.4157394348447274,BCM,Standard,12.507778762185032,5.823246240615845,90853
20.341795280401357,0.0033448427974534,Standard,Standard,4.631234703234552,6.548604965209961,90854
2.5379949224247194e-06,0.0121479069688583,SinMedian,SinMedian,13.576894709278092,5.2893311977386475,90855
0.2116036166178209,8.720352295811842e-05,SinMedian,BCM,4.995061655760641,5.184037923812866,90856
3.364326878218487e-09,9.807578601269077,BCM,SinMedian,13.576986752093172,5.113749027252197,90857
24.821742059858177,15483.080033502654,Standard,Median,12.33180550498389,5.513406991958618,90858
864.6150918592236,1.9970051629040697e-05,Median,BCM,4.594145845569025,25.194012880325317,90859
2.3540375663914494e-05,86081823.62739342,SinMedian,Standard,13.576813569362471,5.03902006149292,90860
0.9039802098291612,604206.465226438,BCM,SinMedian,13.172864603665223,5.252807855606079,90861
5017.038320027446,0.08470910234076,Median,Standard,12.327568733615829,5.736875057220459,90862
36238013.8187387,0.0879693566189696,BCM,BCM,12.536128810489515,5.686332941055298,90863
1.5439758828356963e-08,0.010812231258377,BCM,Standard,13.57677792488622,5.171869993209839,90864
12956234.338540783,9.773135601129223e-08,Median,Standard,88.41637095189719,66.5401680469513,90865
6.583866768371079,82.7251854273068,BCM,SinMedian,12.852335923634604,5.199596643447876,90866
4.379785441930258e-07,0.0001293296369361,BCM,Standard,13.576671942922436,4.892485857009888,90867
1108.767175403631,4620011.755480835,Standard,BCM,12.566780852964207,5.391245126724243,90868
5.983466382677236,121.07841163423096,Standard,Median,12.407658586949507,5.313549995422363,90869
0.0039918633854239,22.33135579368228,SinMedian,Standard,13.584435870368152,4.874044895172119,90870
4.25343126796178e-06,0.0007860189296755,Median,Standard,13.573024034816925,5.0743818283081055,90871
0.0013695077188658,7.194435389639353e-09,Standard,Median,13.576961223482774,5.023597717285156,90872
3.087219252181246e-06,0.8166247271677476,BCM,Median,13.576991566808218,4.849110126495361,90873
6981674.382401519,17605891.277147084,BCM,SinMedian,12.852335923634604,5.231091022491455,90874
36378.209211683105,0.0001212563664417,Standard,Standard,4.872082021814088,50.99617409706116,90875
0.0001858138653259,0.0279533106920736,SinMedian,BCM,13.576846900634765,5.019273281097412,90876
0.0005517573364347,1.5651524667379109e-07,Standard,Standard,13.576504690494431,4.891757011413574,90877
1.1794897446913095,41286901.06621582,Median,Standard,12.827162645738142,5.244356870651245,90878
0.1732587505795965,38300.11302123836,Standard,Median,13.55476478827778,4.680633068084717,90879
0.0002935295405114,2.4539609157703617,Standard,BCM,13.577325341146564,4.968251705169678,90880
0.0003130715230735,1.680393774716192e-09,Median,BCM,13.576903983896324,5.207026958465576,90881
219491.9316863924,54938348.67397361,Median,Median,12.331729295623251,5.737192869186401,90882
2.457733122538903e-07,43277.9286377732,SinMedian,BCM,13.576906701197656,5.342836856842041,90883
37123.01913209994,2851088.2170784087,Standard,BCM,12.566780852964207,5.897552967071533,90884
604.888911339556,2380388.136656283,BCM,Standard,12.329588521485473,5.727075099945068,90885
12241.126649421933,2872325.228668277,Standard,SinMedian,12.852335923634604,5.956280946731567,90886
17273010.119152095,0.0132893796402455,Median,Standard,10.333603841550262,6.499444961547852,90887
855710.6403124409,5.020742631271861,BCM,SinMedian,12.852335923634604,6.341986894607544,90888
713109.0534847099,3.764569495141385e-09,BCM,Median,3.6943333393244537,6.8089611530303955,90889
4.201574069112066e-09,3002.631599755049,SinMedian,SinMedian,13.576986753504295,5.713063955307007,90890
356.0289020776478,0.0054130667096292,BCM,SinMedian,4.6685453841048306,6.984576940536499,90891
1.4769114787446602,8806758.935262881,Standard,SinMedian,12.89680643020857,6.206333875656128,90892
864.3309138652511,0.0880696270358844,BCM,SinMedian,12.82201259657486,6.593524217605591,90893
23195.521564910116,0.0024448104617282,Median,BCM,4.994020900861469,6.891880989074707,90894
5.849185755538581,8184870.695382937,SinMedian,BCM,12.566780852964207,6.088970899581909,90895
8.814846076188168e-08,2.772662006333984e-06,Median,SinMedian,13.576985881986497,5.223398923873901,90896
2360893.023458158,7.502542236977068e-05,Median,SinMedian,6.227185174452065,52.3191192150116,90897
167.46822560694753,0.0221232249997315,SinMedian,Median,9.90211321298112,5.722365379333496,90898
25527.584038030684,0.0002104067264761,Standard,BCM,5.250921758121812,31.553023099899292,90899
0.0061703843315044,880.7392886186644,Median,Standard,13.584898196639172,5.106330156326294,90900
7.907124346152716,1.894928388705266e-09,SinMedian,SinMedian,13.545731981833509,5.207465887069702,90901
59.11395313955151,0.0082045752753295,Standard,Standard,6.565434755043509,5.890146017074585,90902
3497.920026096526,20162830.56981715,Median,Median,12.331729295623251,5.63644003868103,90903
62640.988697102475,0.0001496117961126,SinMedian,Standard,5.027985573653386,45.26800322532654,90904
4382.113140647719,177.9429054637819,SinMedian,Median,12.331729295623251,6.273177146911621,90905
6.962464126693977e-05,42177752.50942689,BCM,BCM,13.577007878623451,5.860083818435669,90906
76652.2892272427,19.473143123215237,Median,Standard,12.329588521485473,7.171134948730469,90907
3707.425111831408,4.354683862742878e-07,SinMedian,Standard,3.5895719711253378,7.457903861999512,90908
0.0001066021689665,30606735.837496784,Standard,SinMedian,13.577166417135784,6.655399799346924,90909
0.0001389622753837,7.207500637181935e-09,Median,SinMedian,13.576983167822732,6.489609956741333,90910
10.878791996387806,21.09111241098369,SinMedian,Standard,12.351983909804288,7.008311748504639,90911
0.0017924654379147,0.1136346641300544,SinMedian,SinMedian,13.579398579327318,6.098980903625488,90912
24.150574047266694,591.3884356097573,SinMedian,BCM,12.566780852964207,6.758515357971191,90913
0.5949540555405204,150.3636905098527,BCM,Standard,13.292715174707189,6.460515737533569,90914
3.911622167661952e-09,1.1000135133016957e-07,Median,Median,13.576986362029023,6.195656061172485,90915
2.706956166618157e-09,186.96517676660423,Standard,Median,13.576986368128187,6.089529037475586,90916
3.290846906069345e-05,0.0475196272594741,Standard,SinMedian,13.577041088120144,6.444978952407837,90917
7.412008152924683e-05,2.3957092572889943e-09,Median,Median,13.57698572888935,6.557572841644287,90918
101.93537998640184,0.006462031921438,SinMedian,Median,4.9310197360789045,6.912930011749268,90919
0.0104015358618744,0.1399765466790412,Standard,BCM,13.585390803606904,5.829699993133545,90920
0.0001030564298073,116.43245091505966,BCM,BCM,13.57706379691363,5.741550922393799,90921
2.2248331983840932e-06,1.2698144993698035,Median,Standard,13.576782687833909,5.764214992523193,90922
5.4754853297507127e-08,81.02804619885654,Standard,BCM,13.576906422630854,5.545541763305664,90923
1.339186394919896e-09,1.1790030498227645e-08,SinMedian,Standard,13.576779464498845,5.542449951171875,90924
45991116.88162495,0.01995413538522841,BCM,Median,8.18122180201557,11.73883318901062,90925
3194070.8160555577,2.225135888931266,Median,Median,12.331729295623253,11.614743947982788,90926
216063843.87611458,77394809.04355153,Standard,Median,12.331729295623253,11.621357202529907,90927
4.217483253983776e-06,39.84342459213412,Median,Median,13.576993471770926,10.875103950500488,90928
0.0011507463748056225,35.95254068014564,Standard,Standard,13.578421515998043,10.596194744110107,90929
3.181905184784499e-06,50586.4132877544,BCM,BCM,13.576910983030293,10.840854167938232,90930
6.114018364374706e-05,2575.7727076753417,SinMedian,BCM,13.576995505407396,10.592033624649048,90931
3.797513003319297e-09,0.0001497845160052295,Median,SinMedian,13.57698530540087,11.051520109176636,90932
0.003310471851920309,338400.00379963825,SinMedian,Median,13.580355682375483,11.266088962554932,90933
0.002825624211947703,308.32333776217115,SinMedian,BCM,13.582562194475644,11.232805013656616,90934
2749761.71644462,417.0223669358906,SinMedian,Standard,12.329588521485471,11.516732931137085,90935
5.568694332587998e-06,26240.369938945325,BCM,BCM,13.576914463744515,10.934244155883789,90936
0.5253649522285536,9423048.041997258,Median,SinMedian,13.405168875405698,9.211148023605347,90937
228407496.1223459,5.8524036478491705e-09,Median,Standard,810.4411109915828,27.118167877197266,90938
1.0430178884465702e-05,330013.3287087206,BCM,SinMedian,13.5770043257792,8.913275957107544,90939
573.4830161777986,1.3733476077922965e-06,Standard,Median,3.38916847457992,9.716153860092163,90940
2.372849152371069,21148.785627289308,BCM,BCM,12.57458111623292,9.84171986579895,90941
4498352.992545852,771.6401629529709,BCM,SinMedian,12.852335923634605,10.09480905532837,90942
1.6913752624411268e-05,0.005405562630819155,SinMedian,Median,13.572589182134095,9.686778783798218,90943
76362116.58987986,3268195.199475341,SinMedian,BCM,12.566780852964209,9.742241859436035,90944
0.02636457067572124,101.81078595429328,BCM,Median,13.5864917414535,9.663543224334717,90945
0.010161294005447852,6.692278160648203e-08,SinMedian,Standard,13.574990501974566,9.332509994506836,90946
3.858628348614976e-08,3885024.2030474893,SinMedian,BCM,13.576906399051841,9.566904067993164,90947
5650.856089850284,0.5696948959834056,Median,Standard,12.329588521481176,10.38664197921753,90948
0.012875588307874204,226426.74180977873,Standard,SinMedian,13.58304747746309,8.46415901184082,90949
6.302524022942991e-07,0.0005256732847717651,SinMedian,Median,13.57657342631736,9.105651140213013,90950
0.0035897596840017356,15.835071197465057,Median,Standard,13.58388918497343,9.2809739112854,90951
757.6261240356542,4.25962790073672e-06,BCM,BCM,3.766914220466173,10.686606884002686,90952
0.1306374868444181,0.0018927003038991654,SinMedian,SinMedian,4.477832995222656,9.138811111450195,90953
1.759985522104728e-06,1.683995912791229e-08,Standard,SinMedian,13.576986670802064,9.223649024963379,90954
53.16245414205468,4.1590697710268757e-07,Median,Median,4.337994359556212,9.17777705192566,90955
0.00014281978260521588,898513.4950159594,Standard,Median,13.577227123480087,9.016085147857666,90956
8.679576513409756,16.846702959271337,SinMedian,BCM,12.566780852964209,9.709287881851196,90957
0.002046960242279897,183660733.87464958,BCM,SinMedian,13.579550418849722,9.233633995056152,90958
561.256800525965,0.6812744409099377,BCM,Median,12.331728765551823,9.629350185394287,90959
78.43576544402444,4.1031677495288854e-07,Median,BCM,4.2126391499558755,9.401049852371216,90960
0.19400453511438562,1.9988946652150415e-07,Standard,Standard,13.464548099614396,9.954707860946655,90961
1.2780546279020469e-05,1799064.9429632472,Median,Standard,13.576797980738396,10.672904253005981,90962
1.2083918068201037e-05,0.02224668222580677,SinMedian,SinMedian,13.576956663177493,10.75068712234497,90963
1.51773511160788e-08,1.7911247903618896e-06,SinMedian,SinMedian,13.576986689113758,10.890302181243896,90964
34723.131613961894,131.69734901708313,Standard,Standard,12.329588521485471,11.355446577072144,90965
1.0924546596129741e-06,4611.680161726544,BCM,Standard,13.576781047266692,10.421183109283447,90966
5.167897173628352e-07,2.4420333639069375e-05,Median,Median,13.576944546949468,10.80106496810913,90967
0.001563680663003611,2700.8685891120576,Median,SinMedian,13.57924912162005,10.494134902954102,90968
7.829870186290003e-07,7803.501472005302,BCM,Median,13.576987683223086,10.917643070220947,90969
53939482.716556326,16565550.837408513,Standard,Median,12.331729295623253,11.1758451461792,90970
4.2337043343993313e-07,1.9987828878503932e-08,Standard,Median,13.576986341974228,10.067174911499023,90971
7669218.518055918,3.7346869249196644,BCM,SinMedian,12.852335923634605,9.01574182510376,90972
2.4669944042417266e-06,3435600.7034629905,BCM,SinMedian,13.576990904373906,8.609513998031616,90973
9.677301440442518e-09,0.0386223048719338,BCM,Median,13.576986372628582,8.45890188217163,90974
297410413.90209544,4.4830027155963624e-08,Median,Median,1429.7620091882236,55.95141577720642,90975
7.796994780204174e-08,0.010663836095026608,BCM,Standard,13.576771403075169,8.813476085662842,90976
1.7354267620148405,0.0018561807804176197,BCM,Standard,3.751670763872371,9.47511100769043,90977
165600.0009326285,3149231.8499167487,Standard,Standard,12.329588521485471,8.765646934509277,90978
22.452412150256908,7.346587337436239e-06,Standard,SinMedian,4.469425313753705,8.601760149002075,90979
1.8635866538136624e-09,8.00563660113039e-08,SinMedian,Standard,13.576779464147913,8.561017990112305,90980
0.017285832870704003,9.771505788159403e-05,Median,Standard,9.713648168291336,8.805923223495483,90981
1.3713467828915017e-07,0.0005284520284296708,Median,SinMedian,13.576891799758426,8.533198833465576,90982
5.4115062796284555e-06,28251.777617591884,Median,Standard,13.57678730462168,7.980422735214233,90983
4.6808486722616765e-09,1.945090286288378e-09,BCM,SinMedian,13.576986746407329,7.886389970779419,90984
0.20773777414475558,40384.969170433054,Standard,Median,13.54439560697638,7.952315092086792,90985
0.002202977008805969,0.42121809313111913,BCM,Standard,13.580843477738455,7.90565299987793,90986
1233821.4461178144,0.0005734566687396607,Standard,SinMedian,4.687342218748014,16.63361406326294,90987
6.994475899262163e-09,19077.9979098862,Median,SinMedian,13.576986758211541,8.03099012374878,90988
0.4642422039741691,2.8612960054666307e-06,Standard,SinMedian,10.902758896790965,7.705563068389893,90989
1.1502625317314514,3.0823586005987216,Standard,Median,13.00545335504898,8.235866785049438,90990
1.6443192911009201,1.0847898597046497e-09,Standard,BCM,13.571268986752292,7.833348751068115,90991
0.001895543274699496,0.00012915640650057317,Standard,BCM,13.00775864126559,8.066764116287231,90992
2.4663900871274054,155820.4308020235,SinMedian,Median,12.4594537497504,8.71335506439209,90993
0.8937504183594478,48.70454050242504,SinMedian,Median,13.172372024366746,8.157283067703247,90994
4.840287524898373e-07,2.364233861127936e-07,Standard,Median,13.576986071700654,6.708321809768677,90995
16613.067754669497,1.6916102166946253e-06,Median,BCM,4.6828425565224805,62.698726177215576,90996
49.49916832280707,1.7991817258344704e-07,Median,Standard,5.37631636991874,6.381486177444458,90997
144.49727590878507,118.57426659941362,BCM,Median,12.331729295623253,7.112940073013306,90998
587889193.6014942,13.277007703194553,Median,BCM,12.566780852964209,7.156575918197632,90999
0.034415663839950345,603.1819293636745,Median,BCM,13.587219988057788,6.640661001205444,91000
900.9790270176345,0.00028539881593329995,Standard,Standard,4.502597881693009,25.94774603843689,91001
0.0021073164942374475,0.0006347462626025658,Standard,SinMedian,12.267940810146948,6.768923044204712,91002
7.688084991397969e-07,0.577166138364306,Standard,Standard,13.576780578374652,6.972769021987915,91003
0.008136850854577169,2.519571449051511e-06,SinMedian,SinMedian,13.534691455705579,6.837392091751099,91004
1368803.0560640753,1472376.9389640396,Standard,BCM,12.566780852964209,6.970341920852661,91005
1.6090117918905444e-09,6.408045381020767e-05,Standard,SinMedian,13.576986510282678,6.396731853485107,91006
1.426589389193799e-07,0.6631487106610102,Median,SinMedian,13.576986986864753,6.3245110511779785,91007
1.5843472767058896e-07,838.2339613331444,BCM,BCM,13.576906573829703,6.11518406867981,91008
3.142097647461077e-06,6536427.951587552,Median,BCM,13.576910924977978,6.021634101867676,91009
318.38417054401333,21621.39980977256,Standard,Standard,12.329588521485471,6.740579843521118,91010
208.52024894750775,1.38476838305487e-07,Standard,Standard,4.242040607644737,5.883877992630005,91011
36.755279543070856,0.013132484398656835,Standard,SinMedian,9.669185983192696,6.347571849822998,91012
2163633.0485406118,2.6545909386960022e-06,Median,SinMedian,9.497265722967267,161.8611159324646,91013
0.007891604426874557,94675575.36530024,SinMedian,Standard,13.585543168490352,5.8480799198150635,91014
166617.02687575607,1.844835770158345,SinMedian,SinMedian,12.852335923634605,6.5421462059021,91015
0.0007882975518040567,2.1309081483739617e-07,Median,SinMedian,13.576387014651024,6.2564170360565186,91016
7.4058797186549005e-06,3.904582521541892e-09,Standard,SinMedian,13.576986672645296,6.009438991546631,91017
1.7797907610477658e-06,5748382.660278069,BCM,SinMedian,13.576989746138956,5.767961025238037,91018
2.0423058600076923e-06,4704.92299377087,BCM,Median,13.576989805696618,5.934808969497681,91019
3.3593259143628426e-05,2.417799961359086e-09,SinMedian,BCM,13.57690612761318,6.094435691833496,91020
1905.3358039025134,0.00039077658129138017,Median,Median,4.251451392514564,17.051137685775757,91021
61.17947274161113,0.005365797727138604,Standard,Standard,5.406645875184146,6.906570911407471,91022
11778.950305677221,150706742.6721956,Standard,Median,12.331729295623253,6.852181911468506,91023
73983282.62786114,0.4205429298799944,BCM,SinMedian,12.852308946356766,6.982253074645996,91024
18182.336274287536,369899.24263461266,BCM,SinMedian,12.852335923634605,7.2236480712890625,91025
0.1156185752335511,514027.6373630692,SinMedian,Median,13.567852130126886,6.512139081954956,91026
86156047.84049308,429300787.8762713,Median,Median,12.331729295623253,7.268826246261597,91027
1.2663373391050816e-05,7722.466820271707,Standard,Median,13.57700770659192,6.182093858718872,91028
71.98333706623843,6185798.3157605035,Standard,SinMedian,12.852335923634605,6.938078880310059,91029
0.0012905448359345068,0.8010198269350994,Median,Standard,13.578712880123625,6.329252004623413,91030
6.5751188611241504,1925.7744806368162,BCM,Standard,12.384211450822894,7.215360879898071,91031
0.5445956542308134,747591642.1887851,Standard,SinMedian,13.393700430920427,7.020982980728149,91032
4.3302657585798135e-09,515621.629609349,Median,SinMedian,13.576986753721195,6.818965911865234,91033
8.914754958308848e-09,10604507.168979237,BCM,Standard,13.576779477455906,7.0373451709747314,91034
53323331.9141356,0.017274565335165342,Median,Standard,11.287909535002527,7.820602178573608,91035
2.602678917428139e-05,0.0020169219980087022,Median,Standard,13.56385894670941,7.300909042358398,91036
2.1157616567303863e-06,0.05721709010377425,Standard,SinMedian,13.576990289739612,7.132172107696533,91037
4.052281852905602,7.190928250547622e-08,BCM,SinMedian,13.109942764047341,7.246594190597534,91038
5064.96467649004,421012351.5574422,SinMedian,Standard,12.329588521485471,7.6041319370269775,91039
58219.911806266624,1438.9817374323027,BCM,BCM,12.566780852964209,7.189175844192505,91040
5.251944670259965e-09,5.8112474805411475e-05,Standard,Standard,13.57677858320928,6.571126937866211,91041
4034501.979994598,1389.7084323677677,Standard,Standard,12.329588521485471,7.8556389808654785,91042
71376012.01803356,18231256.528976526,BCM,SinMedian,12.852335923634605,7.3582539558410645,91043
2.9785210679433557e-06,8.984099455419793e-05,SinMedian,Median,13.576472396721044,7.246301889419556,91044
2942523.293090462,25.69229938779617,Standard,Standard,12.329588521485471,7.767662048339844,91045
0.029622245518294735,3.0301603057071134e-07,Standard,BCM,13.549347243778248,7.417511940002441,91046
57750.65674039018,1.5270350605041703,Standard,Median,12.331729295623253,7.991016149520874,91047
5.769755505325585e-08,0.0005446987936100329,SinMedian,BCM,13.576857840521171,7.218130826950073,91048
120805.06421206814,6.425496926244282,SinMedian,Standard,12.329588521485471,7.611894845962524,91049
1.0855531867708486e-05,4.865949028065863e-05,Standard,Standard,13.575230450104497,6.833654880523682,91050
0.009521214998424593,0.00022692418418596985,Median,Standard,9.685505185540553,7.3743860721588135,91051
4.278831136924527e-09,0.0008053518650438275,Median,Standard,13.576775698562622,7.525261878967285,91052
93442345.54455157,281310.4742163446,Median,Median,12.331729295623253,7.781375169754028,91053
1.5576806712179325e-05,2.6672412857927985e-06,BCM,Median,13.576915800131856,7.324979066848755,91054
1.9116235421885075e-05,44386.532745936,BCM,BCM,13.576934220486976,7.033803224563599,91055
3.939790977948084e-09,15924.235851749596,Median,BCM,13.576906348526032,6.857477903366089,91056
3.9926753385901376e-08,0.0007596659184866414,Standard,Median,13.576958823570644,6.865253925323486,91057
8.571996291463899e-07,3.6316543565756794e-08,SinMedian,Standard,13.57677938264176,6.906857013702393,91058
57255548.0680407,2.5586420874354054e-07,SinMedian,Standard,404.19524281298004,80.87174487113953,91059
2051.095369199862,1.2386131113412743e-06,SinMedian,Standard,3.593914882398169,7.602262020111084,91060
9512536.77263513,4.3068809948150725e-09,BCM,Median,24.011222867757038,8.531929969787598,91061
537.4184491415156,0.00013934545256497085,Standard,SinMedian,5.536557931146963,38.18556809425354,91062
22.810406265911052,0.0003469453011670647,SinMedian,Median,3.657819894137259,8.942538022994995,91063
304158257.288971,9.321822350933225e-07,SinMedian,Standard,2076.457943639019,134.0331346988678,91064
10790347.888779065,2863334.480352368,Median,SinMedian,12.852335923634605,6.353245973587036,91065
1.8304320290347043e-05,2.1405602533912114e-09,Standard,Median,13.576986263608811,5.843024015426636,91066
9293540.156660527,52.28667696007982,Standard,BCM,12.566780852964209,6.3403778076171875,91067
1.329742786799344e-06,24.28212423604115,Median,Standard,13.576781391044952,5.870965003967285,91068
0.0002529839669160755,1.196113193948487e-06,Median,Standard,13.575438081235403,5.8156328201293945,91069
0.21957393199602515,1.5056759284833416,SinMedian,SinMedian,13.540236421305835,5.743330001831055,91070
888174680.8519264,2.151417569021623e-07,Standard,Standard,6124.336805858685,86.96531772613525,91071
193919.4854171211,33.71993881076776,BCM,Median,12.331729295623253,6.321242809295654,91072
12069227.462862696,807688.5817299688,BCM,BCM,12.566780852964209,5.997070789337158,91073
215629192.02871564,1.3555578351238841e-09,SinMedian,Standard,461.04792166401467,6.5830888748168945,91074
20.125871927050895,1044320.8918254082,BCM,Standard,12.329588521485471,5.874293088912964,91075
4.3524685614784126e-08,29.537303716282835,Standard,Standard,13.576779527598076,5.219036102294922,91076
0.0032532968773272926,544129707.6075689,Standard,Standard,13.583271029635183,5.200108766555786,91077
5.558291915286597e-07,239259.72708190378,SinMedian,Standard,13.576780269814522,5.11617374420166,91078
51018765.3241092,1.0937467833399347e-05,SinMedian,Median,5.97610579078913,123.6298828125,91079
783418.1797007354,1028.0355427121792,Median,Standard,12.329588521485471,5.657978773117065,91080
543.9572554565552,1.964663742422321e-05,SinMedian,Standard,3.6929910140788755,10.0589599609375,91081
17890.83597346971,0.000762522838651875,SinMedian,BCM,4.325445274151648,12.422976016998291,91082
106.43610534531439,674.4826188313745,BCM,SinMedian,12.852335923634605,5.58293080329895,91083
738869.4007314976,0.006977806057566991,Standard,Median,6.026687216807545,5.846004009246826,91084
248545258.05764505,14.660616547362766,SinMedian,Median,12.331729295623253,5.5498948097229,91085
138.50388560516203,1.0771498495845058,SinMedian,Standard,12.32958852148514,6.059283971786499,91086
15166.075917139186,43770620.139417514,Median,Standard,12.329588521485471,5.776496887207031,91087
3.8738492657435134e-08,17.93758699324588,BCM,Standard,13.576779520663935,4.945345163345337,91088
5.157062639786006e-09,153646.87073770282,SinMedian,BCM,13.57690635030121,4.961928129196167,91089
97111.09987886736,0.6134242994258641,BCM,Median,12.331727782491514,5.832346677780151,91090
0.0004492189836364772,5.70749686415811e-09,SinMedian,Median,13.576980947964834,5.117011070251465,91091
666696.2432566768,3.236803574181675e-08,BCM,Median,4.356677902806413,20.91919207572937,91092
3.362069475054283,763.0492559823833,SinMedian,Median,12.416406526860342,5.606062650680542,91093
0.000434500732206213,4.786300532102921e-09,SinMedian,Standard,13.576773992708047,5.2031309604644775,91094
1.1716423891776017e-05,1.0472899706533272e-09,BCM,SinMedian,13.576986725521936,5.627924919128418,91095
137127861.40961212,0.010983270751239517,Median,Median,9.43122563548852,5.784876108169556,91096
9.279672023532084,2165572.087896077,SinMedian,SinMedian,12.852335923634605,5.958444118499756,91097
2116.511778138684,0.05996911550433252,BCM,Standard,12.16896718790999,5.633728981018066,91098
7.734928838376751e-06,0.00012911654050638718,SinMedian,SinMedian,13.575145715067189,4.727012872695923,91099
54908863.42796883,2.6356701928060208e-06,BCM,Median,81.10520632073134,122.577965259552,91100
1.293554733244802e-09,0.0586300703167643,Standard,Standard,13.57677946639111,4.769851922988892,91101
351.2740645874201,5923.874949953341,BCM,Standard,12.329588521485471,4.923967361450195,91102
3.0101770241540074e-08,20607782.04452763,Median,Standard,13.576779508151224,4.521733045578003,91103
3.9926657175320375,217945631.49963024,BCM,Median,12.41788862028937,5.112920045852661,91104
0.0007239779792936344,3.5098408166575883e-08,SinMedian,Standard,13.576712614439765,4.825815200805664,91105
0.001122685136287422,2.4566160304221773e-09,Median,Median,13.576976511440185,4.887972116470337,91106
0.008479384665152554,19.22120900265669,Standard,Standard,13.58561132104938,4.536633014678955,91107
86149658.10099885,105.14826144631519,SinMedian,SinMedian,12.852335923634605,5.117926836013794,91108
9.580256594693997e-08,2.1406219895362444e-08,BCM,Median,13.576986360074429,4.847495079040527,91109
785.4246030386157,3256.3956437928146,SinMedian,BCM,12.566780852964209,5.149458885192871,91110
3.092622381593316e-08,0.00031563990438270305,SinMedian,BCM,13.576887587763906,4.556839942932129,91111
38375.50826538792,3.4184699788557613,BCM,BCM,12.566780852964209,4.97885799407959,91112
171.88382860194233,5.8487060292251156e-05,SinMedian,BCM,3.88930346620158,9.344877004623413,91113
1426146.501468046,317.0010981029914,Standard,SinMedian,12.852335923634605,4.786876201629639,91114
0.00033772092248261814,6053223.631674033,Median,Median,13.57754697656211,4.60317063331604,91115
98771.07073131394,21.16359472043696,Median,Median,12.331729295623253,4.943926095962524,91116
0.0004663611913535466,0.0040129868317761675,Standard,Median,13.460258621670748,4.7407989501953125,91117
0.10645122548599535,98.03593690046087,BCM,Median,13.570441081389104,4.712944030761719,91118
3.1309459988159285e-05,1.0440197105062456e-07,SinMedian,SinMedian,13.576979842903754,4.978160858154297,91119
0.8996405336797687,0.6554508406137581,Standard,Median,13.168594193356663,5.24710488319397,91120
457039920.11727166,0.07213231826985415,SinMedian,BCM,12.543949372182249,5.6345789432525635,91121
7.23039918717366e-06,5.49763559820518,Standard,Median,13.576998549781448,4.8271260261535645,91122
261192171.00812694,1125050.498523058,Standard,Median,12.331729295623253,5.262393951416016,91123
0.08160257039670413,1.0779174177957884e-06,BCM,Standard,13.405316943815249,4.682821035385132,91124
